num_samples,time_bits,shots,shots_per_sample,seed,observed_indices,missing_indices,coverage_fraction,exact_reconstruction,minimum_index_count,maximum_index_count,count_standard_deviation,count_coefficient_of_variation,time_distribution_tvd
4,2,4,1.0,42,2,2,0.5,False,0,2,1.0,1.0,0.5
4,2,4,1.0,52,4,0,1.0,True,1,1,0.0,0.0,0.0
4,2,4,1.0,62,3,1,0.75,False,0,2,0.7071067811865476,0.7071067811865476,0.25
4,2,4,1.0,72,2,2,0.5,False,0,2,1.0,1.0,0.5
4,2,4,1.0,82,1,3,0.25,False,0,4,1.7320508075688772,1.7320508075688772,0.75
4,2,4,1.0,92,3,1,0.75,False,0,2,0.7071067811865476,0.7071067811865476,0.25
4,2,4,1.0,102,3,1,0.75,False,0,2,0.7071067811865476,0.7071067811865476,0.25
4,2,4,1.0,112,2,2,0.5,False,0,2,1.0,1.0,0.5
4,2,4,1.0,122,3,1,0.75,False,0,2,0.7071067811865476,0.7071067811865476,0.25
4,2,4,1.0,132,3,1,0.75,False,0,2,0.7071067811865476,0.7071067811865476,0.25
4,2,4,1.0,142,2,2,0.5,False,0,2,1.0,1.0,0.5
4,2,4,1.0,152,2,2,0.5,False,0,3,1.224744871391589,1.224744871391589,0.5
4,2,4,1.0,162,3,1,0.75,False,0,2,0.7071067811865476,0.7071067811865476,0.25
4,2,4,1.0,172,2,2,0.5,False,0,3,1.224744871391589,1.224744871391589,0.5
4,2,4,1.0,182,3,1,0.75,False,0,2,0.7071067811865476,0.7071067811865476,0.25
4,2,4,1.0,192,3,1,0.75,False,0,2,0.7071067811865476,0.7071067811865476,0.25
4,2,4,1.0,202,3,1,0.75,False,0,2,0.7071067811865476,0.7071067811865476,0.25
4,2,4,1.0,212,3,1,0.75,False,0,2,0.7071067811865476,0.7071067811865476,0.25
4,2,4,1.0,222,4,0,1.0,True,1,1,0.0,0.0,0.0
4,2,4,1.0,232,4,0,1.0,True,1,1,0.0,0.0,0.0
4,2,4,1.0,242,3,1,0.75,False,0,2,0.7071067811865476,0.7071067811865476,0.25
4,2,4,1.0,252,3,1,0.75,False,0,2,0.7071067811865476,0.7071067811865476,0.25
4,2,4,1.0,262,3,1,0.75,False,0,2,0.7071067811865476,0.7071067811865476,0.25
4,2,4,1.0,272,4,0,1.0,True,1,1,0.0,0.0,0.0
4,2,4,1.0,282,3,1,0.75,False,0,2,0.7071067811865476,0.7071067811865476,0.25
4,2,4,1.0,292,4,0,1.0,True,1,1,0.0,0.0,0.0
4,2,4,1.0,302,3,1,0.75,False,0,2,0.7071067811865476,0.7071067811865476,0.25
4,2,4,1.0,312,4,0,1.0,True,1,1,0.0,0.0,0.0
4,2,4,1.0,322,3,1,0.75,False,0,2,0.7071067811865476,0.7071067811865476,0.25
4,2,4,1.0,332,3,1,0.75,False,0,2,0.7071067811865476,0.7071067811865476,0.25
4,2,4,1.0,342,3,1,0.75,False,0,2,0.7071067811865476,0.7071067811865476,0.25
4,2,4,1.0,352,3,1,0.75,False,0,2,0.7071067811865476,0.7071067811865476,0.25
4,2,4,1.0,362,2,2,0.5,False,0,2,1.0,1.0,0.5
4,2,4,1.0,372,3,1,0.75,False,0,2,0.7071067811865476,0.7071067811865476,0.25
4,2,4,1.0,382,3,1,0.75,False,0,2,0.7071067811865476,0.7071067811865476,0.25
4,2,4,1.0,392,2,2,0.5,False,0,3,1.224744871391589,1.224744871391589,0.5
4,2,4,1.0,402,2,2,0.5,False,0,2,1.0,1.0,0.5
4,2,4,1.0,412,3,1,0.75,False,0,2,0.7071067811865476,0.7071067811865476,0.25
4,2,4,1.0,422,4,0,1.0,True,1,1,0.0,0.0,0.0
4,2,4,1.0,432,3,1,0.75,False,0,2,0.7071067811865476,0.7071067811865476,0.25
4,2,4,1.0,442,3,1,0.75,False,0,2,0.7071067811865476,0.7071067811865476,0.25
4,2,4,1.0,452,2,2,0.5,False,0,3,1.224744871391589,1.224744871391589,0.5
4,2,4,1.0,462,3,1,0.75,False,0,2,0.7071067811865476,0.7071067811865476,0.25
4,2,4,1.0,472,3,1,0.75,False,0,2,0.7071067811865476,0.7071067811865476,0.25
4,2,4,1.0,482,3,1,0.75,False,0,2,0.7071067811865476,0.7071067811865476,0.25
4,2,4,1.0,492,3,1,0.75,False,0,2,0.7071067811865476,0.7071067811865476,0.25
4,2,4,1.0,502,3,1,0.75,False,0,2,0.7071067811865476,0.7071067811865476,0.25
4,2,4,1.0,512,2,2,0.5,False,0,3,1.224744871391589,1.224744871391589,0.5
4,2,4,1.0,522,2,2,0.5,False,0,2,1.0,1.0,0.5
4,2,4,1.0,532,1,3,0.25,False,0,4,1.7320508075688772,1.7320508075688772,0.75
4,2,8,2.0,42,4,0,1.0,True,1,3,1.0,0.5,0.25
4,2,8,2.0,52,4,0,1.0,True,2,2,0.0,0.0,0.0
4,2,8,2.0,62,4,0,1.0,True,1,3,0.7071067811865476,0.3535533905932738,0.125
4,2,8,2.0,72,3,1,0.75,False,0,3,1.224744871391589,0.6123724356957945,0.25
4,2,8,2.0,82,3,1,0.75,False,0,6,2.345207879911715,1.1726039399558574,0.5
4,2,8,2.0,92,3,1,0.75,False,0,3,1.224744871391589,0.6123724356957945,0.25
4,2,8,2.0,102,4,0,1.0,True,1,3,1.0,0.5,0.25
4,2,8,2.0,112,4,0,1.0,True,1,4,1.224744871391589,0.6123724356957945,0.25
4,2,8,2.0,122,4,0,1.0,True,1,3,0.7071067811865476,0.3535533905932738,0.125
4,2,8,2.0,132,4,0,1.0,True,1,3,1.0,0.5,0.25
4,2,8,2.0,142,3,1,0.75,False,0,4,1.5811388300841898,0.7905694150420949,0.375
4,2,8,2.0,152,4,0,1.0,True,1,5,1.7320508075688772,0.8660254037844386,0.375
4,2,8,2.0,162,3,1,0.75,False,0,3,1.224744871391589,0.6123724356957945,0.25
4,2,8,2.0,172,4,0,1.0,True,1,4,1.224744871391589,0.6123724356957945,0.25
4,2,8,2.0,182,4,0,1.0,True,1,3,0.7071067811865476,0.3535533905932738,0.125
4,2,8,2.0,192,3,1,0.75,False,0,4,1.4142135623730951,0.7071067811865476,0.25
4,2,8,2.0,202,4,0,1.0,True,1,4,1.224744871391589,0.6123724356957945,0.25
4,2,8,2.0,212,4,0,1.0,True,1,3,0.7071067811865476,0.3535533905932738,0.125
4,2,8,2.0,222,4,0,1.0,True,1,3,0.7071067811865476,0.3535533905932738,0.125
4,2,8,2.0,232,4,0,1.0,True,2,2,0.0,0.0,0.0
4,2,8,2.0,242,3,1,0.75,False,0,4,1.4142135623730951,0.7071067811865476,0.25
4,2,8,2.0,252,4,0,1.0,True,1,3,0.7071067811865476,0.3535533905932738,0.125
4,2,8,2.0,262,3,1,0.75,False,0,3,1.224744871391589,0.6123724356957945,0.25
4,2,8,2.0,272,4,0,1.0,True,2,2,0.0,0.0,0.0
4,2,8,2.0,282,4,0,1.0,True,1,3,0.7071067811865476,0.3535533905932738,0.125
4,2,8,2.0,292,4,0,1.0,True,1,3,0.7071067811865476,0.3535533905932738,0.125
4,2,8,2.0,302,3,1,0.75,False,0,3,1.224744871391589,0.6123724356957945,0.25
4,2,8,2.0,312,4,0,1.0,True,2,2,0.0,0.0,0.0
4,2,8,2.0,322,4,0,1.0,True,1,3,0.7071067811865476,0.3535533905932738,0.125
4,2,8,2.0,332,4,0,1.0,True,1,3,1.0,0.5,0.25
4,2,8,2.0,342,4,0,1.0,True,1,3,0.7071067811865476,0.3535533905932738,0.125
4,2,8,2.0,352,4,0,1.0,True,1,3,0.7071067811865476,0.3535533905932738,0.125
4,2,8,2.0,362,4,0,1.0,True,1,3,1.0,0.5,0.25
4,2,8,2.0,372,4,0,1.0,True,1,3,0.7071067811865476,0.3535533905932738,0.125
4,2,8,2.0,382,4,0,1.0,True,1,4,1.224744871391589,0.6123724356957945,0.25
4,2,8,2.0,392,4,0,1.0,True,1,4,1.224744871391589,0.6123724356957945,0.25
4,2,8,2.0,402,4,0,1.0,True,1,4,1.224744871391589,0.6123724356957945,0.25
4,2,8,2.0,412,4,0,1.0,True,1,3,0.7071067811865476,0.3535533905932738,0.125
4,2,8,2.0,422,4,0,1.0,True,1,3,0.7071067811865476,0.3535533905932738,0.125
4,2,8,2.0,432,4,0,1.0,True,1,3,0.7071067811865476,0.3535533905932738,0.125
4,2,8,2.0,442,3,1,0.75,False,0,3,1.224744871391589,0.6123724356957945,0.25
4,2,8,2.0,452,3,1,0.75,False,0,4,1.5811388300841898,0.7905694150420949,0.375
4,2,8,2.0,462,4,0,1.0,True,1,3,0.7071067811865476,0.3535533905932738,0.125
4,2,8,2.0,472,4,0,1.0,True,1,3,0.7071067811865476,0.3535533905932738,0.125
4,2,8,2.0,482,4,0,1.0,True,1,3,1.0,0.5,0.25
4,2,8,2.0,492,4,0,1.0,True,1,3,0.7071067811865476,0.3535533905932738,0.125
4,2,8,2.0,502,4,0,1.0,True,1,4,1.224744871391589,0.6123724356957945,0.25
4,2,8,2.0,512,3,1,0.75,False,0,4,1.5811388300841898,0.7905694150420949,0.375
4,2,8,2.0,522,2,2,0.5,False,0,5,2.1213203435596424,1.0606601717798212,0.5
4,2,8,2.0,532,4,0,1.0,True,1,5,1.7320508075688772,0.8660254037844386,0.375
4,2,16,4.0,42,4,0,1.0,True,2,6,1.5811388300841898,0.39528470752104744,0.1875
4,2,16,4.0,52,4,0,1.0,True,4,4,0.0,0.0,0.0
4,2,16,4.0,62,4,0,1.0,True,2,5,1.224744871391589,0.30618621784789724,0.125
4,2,16,4.0,72,3,1,0.75,False,0,6,2.449489742783178,0.6123724356957945,0.25
4,2,16,4.0,82,4,0,1.0,True,1,9,3.082207001484488,0.770551750371122,0.3125
4,2,16,4.0,92,4,0,1.0,True,2,6,1.4142135623730951,0.3535533905932738,0.125
4,2,16,4.0,102,4,0,1.0,True,2,6,1.5811388300841898,0.39528470752104744,0.1875
4,2,16,4.0,112,4,0,1.0,True,2,6,1.5811388300841898,0.39528470752104744,0.1875
4,2,16,4.0,122,4,0,1.0,True,2,6,1.4142135623730951,0.3535533905932738,0.125
4,2,16,4.0,132,4,0,1.0,True,2,6,1.5811388300841898,0.39528470752104744,0.1875
4,2,16,4.0,142,4,0,1.0,True,1,7,2.23606797749979,0.5590169943749475,0.25
4,2,16,4.0,152,4,0,1.0,True,2,8,2.345207879911715,0.5863019699779287,0.25
4,2,16,4.0,162,4,0,1.0,True,2,6,1.5811388300841898,0.39528470752104744,0.1875
4,2,16,4.0,172,4,0,1.0,True,2,7,1.8708286933869707,0.46770717334674267,0.1875
4,2,16,4.0,182,4,0,1.0,True,2,5,1.224744871391589,0.30618621784789724,0.125
4,2,16,4.0,192,4,0,1.0,True,1,6,1.8708286933869707,0.46770717334674267,0.1875
4,2,16,4.0,202,4,0,1.0,True,3,6,1.224744871391589,0.30618621784789724,0.125
4,2,16,4.0,212,4,0,1.0,True,3,5,0.7071067811865476,0.1767766952966369,0.0625
4,2,16,4.0,222,4,0,1.0,True,3,5,1.0,0.25,0.125
4,2,16,4.0,232,4,0,1.0,True,3,5,0.7071067811865476,0.1767766952966369,0.0625
4,2,16,4.0,242,4,0,1.0,True,2,7,1.8708286933869707,0.46770717334674267,0.1875
4,2,16,4.0,252,4,0,1.0,True,3,5,0.7071067811865476,0.1767766952966369,0.0625
4,2,16,4.0,262,4,0,1.0,True,2,6,1.4142135623730951,0.3535533905932738,0.125
4,2,16,4.0,272,4,0,1.0,True,3,5,0.7071067811865476,0.1767766952966369,0.0625
4,2,16,4.0,282,4,0,1.0,True,2,6,1.4142135623730951,0.3535533905932738,0.125
4,2,16,4.0,292,4,0,1.0,True,3,5,0.7071067811865476,0.1767766952966369,0.0625
4,2,16,4.0,302,3,1,0.75,False,0,7,2.5495097567963922,0.6373774391990981,0.25
4,2,16,4.0,312,4,0,1.0,True,3,5,0.7071067811865476,0.1767766952966369,0.0625
4,2,16,4.0,322,4,0,1.0,True,3,5,0.7071067811865476,0.1767766952966369,0.0625
4,2,16,4.0,332,4,0,1.0,True,2,6,1.5811388300841898,0.39528470752104744,0.1875
4,2,16,4.0,342,4,0,1.0,True,2,6,1.4142135623730951,0.3535533905932738,0.125
4,2,16,4.0,352,4,0,1.0,True,3,5,1.0,0.25,0.125
4,2,16,4.0,362,4,0,1.0,True,2,6,1.5811388300841898,0.39528470752104744,0.1875
4,2,16,4.0,372,4,0,1.0,True,2,5,1.224744871391589,0.30618621784789724,0.125
4,2,16,4.0,382,4,0,1.0,True,3,6,1.224744871391589,0.30618621784789724,0.125
4,2,16,4.0,392,4,0,1.0,True,2,7,1.8708286933869707,0.46770717334674267,0.1875
4,2,16,4.0,402,4,0,1.0,True,3,6,1.224744871391589,0.30618621784789724,0.125
4,2,16,4.0,412,4,0,1.0,True,2,5,1.224744871391589,0.30618621784789724,0.125
4,2,16,4.0,422,4,0,1.0,True,3,5,0.7071067811865476,0.1767766952966369,0.0625
4,2,16,4.0,432,4,0,1.0,True,2,5,1.224744871391589,0.30618621784789724,0.125
4,2,16,4.0,442,4,0,1.0,True,2,5,1.224744871391589,0.30618621784789724,0.125
4,2,16,4.0,452,4,0,1.0,True,1,7,2.23606797749979,0.5590169943749475,0.25
4,2,16,4.0,462,4,0,1.0,True,3,6,1.224744871391589,0.30618621784789724,0.125
4,2,16,4.0,472,4,0,1.0,True,3,5,0.7071067811865476,0.1767766952966369,0.0625
4,2,16,4.0,482,4,0,1.0,True,2,6,1.5811388300841898,0.39528470752104744,0.1875
4,2,16,4.0,492,4,0,1.0,True,3,5,0.7071067811865476,0.1767766952966369,0.0625
4,2,16,4.0,502,4,0,1.0,True,2,6,1.4142135623730951,0.3535533905932738,0.125
4,2,16,4.0,512,4,0,1.0,True,1,8,2.7386127875258306,0.6846531968814576,0.3125
4,2,16,4.0,522,4,0,1.0,True,1,8,3.082207001484488,0.770551750371122,0.375
4,2,16,4.0,532,4,0,1.0,True,2,9,2.9154759474226504,0.7288689868556626,0.3125
4,2,32,8.0,42,4,0,1.0,True,5,10,2.1213203435596424,0.2651650429449553,0.125
4,2,32,8.0,52,4,0,1.0,True,7,9,0.7071067811865476,0.08838834764831845,0.03125
4,2,32,8.0,62,4,0,1.0,True,6,9,1.224744871391589,0.15309310892394862,0.0625
4,2,32,8.0,72,4,0,1.0,True,2,12,3.7416573867739413,0.46770717334674267,0.1875
4,2,32,8.0,82,4,0,1.0,True,3,15,4.415880433163924,0.5519850541454905,0.21875
4,2,32,8.0,92,4,0,1.0,True,5,10,1.8708286933869707,0.23385358667337133,0.09375
4,2,32,8.0,102,4,0,1.0,True,6,10,1.5811388300841898,0.19764235376052372,0.09375
4,2,32,8.0,112,4,0,1.0,True,5,11,2.5495097567963922,0.31868871959954903,0.15625
4,2,32,8.0,122,4,0,1.0,True,5,10,1.8708286933869707,0.23385358667337133,0.09375
4,2,32,8.0,132,4,0,1.0,True,5,11,2.23606797749979,0.2795084971874737,0.125
4,2,32,8.0,142,4,0,1.0,True,3,12,3.391164991562634,0.42389562394532926,0.1875
4,2,32,8.0,152,4,0,1.0,True,6,13,2.9154759474226504,0.3644344934278313,0.15625
4,2,32,8.0,162,4,0,1.0,True,5,11,2.23606797749979,0.2795084971874737,0.125
4,2,32,8.0,172,4,0,1.0,True,6,12,2.345207879911715,0.29315098498896436,0.125
4,2,32,8.0,182,4,0,1.0,True,6,10,1.5811388300841898,0.19764235376052372,0.09375
4,2,32,8.0,192,4,0,1.0,True,3,12,3.24037034920393,0.4050462936504913,0.15625
4,2,32,8.0,202,4,0,1.0,True,7,10,1.224744871391589,0.15309310892394862,0.0625
4,2,32,8.0,212,4,0,1.0,True,7,9,0.7071067811865476,0.08838834764831845,0.03125
4,2,32,8.0,222,4,0,1.0,True,6,10,1.5811388300841898,0.19764235376052372,0.09375
4,2,32,8.0,232,4,0,1.0,True,7,9,0.7071067811865476,0.08838834764831845,0.03125
4,2,32,8.0,242,4,0,1.0,True,5,12,2.5495097567963922,0.31868871959954903,0.125
4,2,32,8.0,252,4,0,1.0,True,6,10,1.4142135623730951,0.1767766952966369,0.0625
4,2,32,8.0,262,4,0,1.0,True,5,10,1.8708286933869707,0.23385358667337133,0.09375
4,2,32,8.0,272,4,0,1.0,True,7,9,0.7071067811865476,0.08838834764831845,0.03125
4,2,32,8.0,282,4,0,1.0,True,6,10,1.5811388300841898,0.19764235376052372,0.09375
4,2,32,8.0,292,4,0,1.0,True,6,9,1.224744871391589,0.15309310892394862,0.0625
4,2,32,8.0,302,4,0,1.0,True,2,12,3.7416573867739413,0.46770717334674267,0.1875
4,2,32,8.0,312,4,0,1.0,True,7,9,0.7071067811865476,0.08838834764831845,0.03125
4,2,32,8.0,322,4,0,1.0,True,7,10,1.224744871391589,0.15309310892394862,0.0625
4,2,32,8.0,332,4,0,1.0,True,5,11,2.23606797749979,0.2795084971874737,0.125
4,2,32,8.0,342,4,0,1.0,True,6,10,1.5811388300841898,0.19764235376052372,0.09375
4,2,32,8.0,352,4,0,1.0,True,6,10,1.5811388300841898,0.19764235376052372,0.09375
4,2,32,8.0,362,4,0,1.0,True,5,10,2.1213203435596424,0.2651650429449553,0.125
4,2,32,8.0,372,4,0,1.0,True,6,9,1.224744871391589,0.15309310892394862,0.0625
4,2,32,8.0,382,4,0,1.0,True,6,10,1.5811388300841898,0.19764235376052372,0.09375
4,2,32,8.0,392,4,0,1.0,True,6,12,2.449489742783178,0.30618621784789724,0.125
4,2,32,8.0,402,4,0,1.0,True,6,11,2.1213203435596424,0.2651650429449553,0.125
4,2,32,8.0,412,4,0,1.0,True,6,9,1.224744871391589,0.15309310892394862,0.0625
4,2,32,8.0,422,4,0,1.0,True,7,9,1.0,0.125,0.0625
4,2,32,8.0,432,4,0,1.0,True,5,10,1.8708286933869707,0.23385358667337133,0.09375
4,2,32,8.0,442,4,0,1.0,True,5,10,2.1213203435596424,0.2651650429449553,0.125
4,2,32,8.0,452,4,0,1.0,True,3,12,3.391164991562634,0.42389562394532926,0.1875
4,2,32,8.0,462,4,0,1.0,True,7,11,1.7320508075688772,0.21650635094610965,0.09375
4,2,32,8.0,472,4,0,1.0,True,6,10,1.4142135623730951,0.1767766952966369,0.0625
4,2,32,8.0,482,4,0,1.0,True,6,10,1.5811388300841898,0.19764235376052372,0.09375
4,2,32,8.0,492,4,0,1.0,True,7,10,1.224744871391589,0.15309310892394862,0.0625
4,2,32,8.0,502,4,0,1.0,True,5,11,2.1213203435596424,0.2651650429449553,0.09375
4,2,32,8.0,512,4,0,1.0,True,3,13,3.8078865529319543,0.4759858191164943,0.21875
4,2,32,8.0,522,4,0,1.0,True,3,14,4.636809247747852,0.5796011559684815,0.28125
4,2,32,8.0,532,4,0,1.0,True,5,15,4.06201920231798,0.5077524002897476,0.21875
4,2,64,16.0,42,4,0,1.0,True,13,19,2.5495097567963922,0.15934435979977452,0.078125
4,2,64,16.0,52,4,0,1.0,True,15,17,0.7071067811865476,0.04419417382415922,0.015625
4,2,64,16.0,62,4,0,1.0,True,12,18,2.345207879911715,0.14657549249448218,0.0625
4,2,64,16.0,72,4,0,1.0,True,8,21,4.949747468305833,0.30935921676911454,0.125
4,2,64,16.0,82,4,0,1.0,True,9,26,6.284902544988268,0.3928064090617667,0.15625
4,2,64,16.0,92,4,0,1.0,True,11,19,3.0,0.1875,0.078125
4,2,64,16.0,102,4,0,1.0,True,13,19,2.5495097567963922,0.15934435979977452,0.078125
4,2,64,16.0,112,4,0,1.0,True,12,21,3.6742346141747673,0.22963966338592295,0.109375
4,2,64,16.0,122,4,0,1.0,True,12,19,2.5495097567963922,0.15934435979977452,0.0625
4,2,64,16.0,132,4,0,1.0,True,12,20,3.1622776601683795,0.19764235376052372,0.09375
4,2,64,16.0,142,4,0,1.0,True,9,22,4.949747468305833,0.30935921676911454,0.140625
4,2,64,16.0,152,4,0,1.0,True,13,23,4.123105625617661,0.2576941016011038,0.109375
4,2,64,16.0,162,4,0,1.0,True,11,20,3.391164991562634,0.21194781197266463,0.09375
4,2,64,16.0,172,4,0,1.0,True,13,22,3.5355339059327378,0.2209708691207961,0.09375
4,2,64,16.0,182,4,0,1.0,True,13,18,2.1213203435596424,0.13258252147247765,0.0625
4,2,64,16.0,192,4,0,1.0,True,9,22,4.636809247747852,0.28980057798424075,0.109375
4,2,64,16.0,202,4,0,1.0,True,14,19,1.8708286933869707,0.11692679333668567,0.046875
4,2,64,16.0,212,4,0,1.0,True,14,17,1.224744871391589,0.07654655446197431,0.03125
4,2,64,16.0,222,4,0,1.0,True,14,18,1.5811388300841898,0.09882117688026186,0.046875
4,2,64,16.0,232,4,0,1.0,True,15,17,1.0,0.0625,0.03125
4,2,64,16.0,242,4,0,1.0,True,11,22,3.9370039370059056,0.2460627460628691,0.09375
4,2,64,16.0,252,4,0,1.0,True,14,18,1.4142135623730951,0.08838834764831845,0.03125
4,2,64,16.0,262,4,0,1.0,True,11,19,3.082207001484488,0.1926379375927805,0.078125
4,2,64,16.0,272,4,0,1.0,True,15,18,1.224744871391589,0.07654655446197431,0.03125
4,2,64,16.0,282,4,0,1.0,True,13,19,2.23606797749979,0.13975424859373686,0.0625
4,2,64,16.0,292,4,0,1.0,True,13,18,1.8708286933869707,0.11692679333668567,0.046875
4,2,64,16.0,302,4,0,1.0,True,7,22,5.522680508593631,0.3451675317871019,0.140625
4,2,64,16.0,312,4,0,1.0,True,15,17,0.7071067811865476,0.04419417382415922,0.015625
4,2,64,16.0,322,4,0,1.0,True,14,19,1.8708286933869707,0.11692679333668567,0.046875
4,2,64,16.0,332,4,0,1.0,True,12,20,3.1622776601683795,0.19764235376052372,0.09375
4,2,64,16.0,342,4,0,1.0,True,13,19,2.23606797749979,0.13975424859373686,0.0625
4,2,64,16.0,352,4,0,1.0,True,14,19,2.1213203435596424,0.13258252147247765,0.0625
4,2,64,16.0,362,4,0,1.0,True,12,19,2.7386127875258306,0.1711632992203644,0.078125
4,2,64,16.0,372,4,0,1.0,True,13,18,1.8708286933869707,0.11692679333668567,0.046875
4,2,64,16.0,382,4,0,1.0,True,14,19,2.1213203435596424,0.13258252147247765,0.0625
4,2,64,16.0,392,4,0,1.0,True,13,21,3.082207001484488,0.1926379375927805,0.078125
4,2,64,16.0,402,4,0,1.0,True,13,20,2.7386127875258306,0.1711632992203644,0.078125
4,2,64,16.0,412,4,0,1.0,True,13,18,2.1213203435596424,0.13258252147247765,0.0625
4,2,64,16.0,422,4,0,1.0,True,14,17,1.224744871391589,0.07654655446197431,0.03125
4,2,64,16.0,432,4,0,1.0,True,12,19,2.5495097567963922,0.15934435979977452,0.0625
4,2,64,16.0,442,4,0,1.0,True,11,19,3.3166247903554,0.2072890493972125,0.09375
4,2,64,16.0,452,4,0,1.0,True,9,22,4.949747468305833,0.30935921676911454,0.140625
4,2,64,16.0,462,4,0,1.0,True,14,20,2.449489742783178,0.15309310892394862,0.0625
4,2,64,16.0,472,4,0,1.0,True,14,18,1.4142135623730951,0.08838834764831845,0.03125
4,2,64,16.0,482,4,0,1.0,True,13,19,2.5495097567963922,0.15934435979977452,0.078125
4,2,64,16.0,492,4,0,1.0,True,14,18,1.5811388300841898,0.09882117688026186,0.046875
4,2,64,16.0,502,4,0,1.0,True,12,21,3.24037034920393,0.20252314682524564,0.078125
4,2,64,16.0,512,4,0,1.0,True,9,23,5.385164807134504,0.3365728004459065,0.15625
4,2,64,16.0,522,4,0,1.0,True,9,24,6.2048368229954285,0.3878023014372143,0.1875
4,2,64,16.0,532,4,0,1.0,True,13,25,5.196152422706632,0.3247595264191645,0.140625
4,2,128,32.0,42,4,0,1.0,True,26,38,4.743416490252569,0.14823176532039278,0.0703125
4,2,128,32.0,52,4,0,1.0,True,26,39,4.949747468305833,0.15467960838455727,0.0703125
4,2,128,32.0,62,4,0,1.0,True,23,38,5.612486080160912,0.1753901900050285,0.0703125
4,2,128,32.0,72,4,0,1.0,True,28,36,3.1622776601683795,0.09882117688026186,0.046875
4,2,128,32.0,82,4,0,1.0,True,29,35,2.23606797749979,0.06987712429686843,0.03125
4,2,128,32.0,92,4,0,1.0,True,25,36,4.301162633521313,0.13441133229754104,0.0546875
4,2,128,32.0,102,4,0,1.0,True,27,39,4.358898943540674,0.13621559198564606,0.0546875
4,2,128,32.0,112,4,0,1.0,True,24,40,6.324555320336759,0.19764235376052372,0.09375
4,2,128,32.0,122,4,0,1.0,True,19,42,9.82344135219425,0.3069825422560703,0.1484375
4,2,128,32.0,132,4,0,1.0,True,24,41,6.284902544988268,0.19640320453088336,0.0859375
4,2,128,32.0,142,4,0,1.0,True,27,35,3.082207001484488,0.09631896879639025,0.0390625
4,2,128,32.0,152,4,0,1.0,True,24,42,6.782329983125268,0.21194781197266463,0.09375
4,2,128,32.0,162,4,0,1.0,True,28,37,3.24037034920393,0.10126157341262282,0.0390625
4,2,128,32.0,172,4,0,1.0,True,28,37,3.391164991562634,0.10597390598633231,0.046875
4,2,128,32.0,182,4,0,1.0,True,27,40,5.1478150704935,0.1608692209529219,0.0703125
4,2,128,32.0,192,4,0,1.0,True,31,33,0.7071067811865476,0.02209708691207961,0.0078125
4,2,128,32.0,202,4,0,1.0,True,22,37,5.958187643906492,0.18619336387207788,0.078125
4,2,128,32.0,212,4,0,1.0,True,30,34,2.0,0.0625,0.03125
4,2,128,32.0,222,4,0,1.0,True,24,46,9.055385138137417,0.2829807855667943,0.125
4,2,128,32.0,232,4,0,1.0,True,28,37,3.6742346141747673,0.11481983169296148,0.0546875
4,2,128,32.0,242,4,0,1.0,True,27,39,5.196152422706632,0.16237976320958225,0.078125
4,2,128,32.0,252,4,0,1.0,True,29,39,4.123105625617661,0.1288470508005519,0.0546875
4,2,128,32.0,262,4,0,1.0,True,23,39,6.4031242374328485,0.20009763241977652,0.09375
4,2,128,32.0,272,4,0,1.0,True,26,36,3.9370039370059056,0.12303137303143455,0.0546875
4,2,128,32.0,282,4,0,1.0,True,28,34,2.345207879911715,0.07328774624724109,0.03125
4,2,128,32.0,292,4,0,1.0,True,29,35,2.23606797749979,0.06987712429686843,0.03125
4,2,128,32.0,302,4,0,1.0,True,27,38,4.301162633521313,0.13441133229754104,0.0625
4,2,128,32.0,312,4,0,1.0,True,30,37,2.9154759474226504,0.09110862335695782,0.0390625
4,2,128,32.0,322,4,0,1.0,True,29,35,2.5495097567963922,0.07967217989988726,0.0390625
4,2,128,32.0,332,4,0,1.0,True,29,36,3.082207001484488,0.09631896879639025,0.046875
4,2,128,32.0,342,4,0,1.0,True,30,34,1.5811388300841898,0.04941058844013093,0.0234375
4,2,128,32.0,352,4,0,1.0,True,22,42,7.106335201775948,0.22207297505549836,0.0859375
4,2,128,32.0,362,4,0,1.0,True,24,38,5.477225575051661,0.1711632992203644,0.078125
4,2,128,32.0,372,4,0,1.0,True,25,43,7.54983443527075,0.23593232610221093,0.109375
4,2,128,32.0,382,4,0,1.0,True,28,37,3.391164991562634,0.10597390598633231,0.046875
4,2,128,32.0,392,4,0,1.0,True,25,43,7.245688373094719,0.22642776165920997,0.1015625
4,2,128,32.0,402,4,0,1.0,True,30,34,1.5811388300841898,0.04941058844013093,0.0234375
4,2,128,32.0,412,4,0,1.0,True,30,34,1.5811388300841898,0.04941058844013093,0.0234375
4,2,128,32.0,422,4,0,1.0,True,26,37,3.9370039370059056,0.12303137303143455,0.046875
4,2,128,32.0,432,4,0,1.0,True,29,35,2.23606797749979,0.06987712429686843,0.03125
4,2,128,32.0,442,4,0,1.0,True,25,36,4.301162633521313,0.13441133229754104,0.0546875
4,2,128,32.0,452,4,0,1.0,True,29,34,2.1213203435596424,0.06629126073623882,0.03125
4,2,128,32.0,462,4,0,1.0,True,28,40,4.743416490252569,0.14823176532039278,0.0625
4,2,128,32.0,472,4,0,1.0,True,27,39,4.415880433163924,0.13799626353637262,0.0546875
4,2,128,32.0,482,4,0,1.0,True,25,37,4.415880433163924,0.13799626353637262,0.0546875
4,2,128,32.0,492,4,0,1.0,True,30,35,2.1213203435596424,0.06629126073623882,0.03125
4,2,128,32.0,502,4,0,1.0,True,28,35,2.5495097567963922,0.07967217989988726,0.03125
4,2,128,32.0,512,4,0,1.0,True,28,36,2.8284271247461903,0.08838834764831845,0.03125
4,2,128,32.0,522,4,0,1.0,True,26,39,5.612486080160912,0.1753901900050285,0.0859375
4,2,128,32.0,532,4,0,1.0,True,26,36,3.9370039370059056,0.12303137303143455,0.0546875
4,2,256,64.0,42,4,0,1.0,True,53,70,6.59545297913646,0.10305395279900718,0.04296875
4,2,256,64.0,52,4,0,1.0,True,55,76,7.968688725254614,0.12451076133210334,0.0546875
4,2,256,64.0,62,4,0,1.0,True,56,71,7.035623639735144,0.10993161937086163,0.0546875
4,2,256,64.0,72,4,0,1.0,True,54,74,7.106335201775948,0.11103648752774918,0.04296875
4,2,256,64.0,82,4,0,1.0,True,58,69,3.9370039370059056,0.061515686515717274,0.0234375
4,2,256,64.0,92,4,0,1.0,True,56,71,6.2048368229954285,0.09695057535930357,0.046875
4,2,256,64.0,102,4,0,1.0,True,50,74,9.40744386111339,0.1469913103298967,0.06640625
4,2,256,64.0,112,4,0,1.0,True,57,73,6.4031242374328485,0.10004881620988826,0.046875
4,2,256,64.0,122,4,0,1.0,True,53,73,7.280109889280518,0.1137517170200081,0.046875
4,2,256,64.0,132,4,0,1.0,True,58,74,6.363961030678928,0.09943689110435824,0.04296875
4,2,256,64.0,142,4,0,1.0,True,60,67,2.7386127875258306,0.0427908248050911,0.01953125
4,2,256,64.0,152,4,0,1.0,True,58,66,3.4641016151377544,0.05412658773652741,0.0234375
4,2,256,64.0,162,4,0,1.0,True,57,71,5.0,0.078125,0.03125
4,2,256,64.0,172,4,0,1.0,True,57,76,7.245688373094719,0.11321388082960498,0.046875
4,2,256,64.0,182,4,0,1.0,True,54,72,6.48074069840786,0.10126157341262282,0.0390625
4,2,256,64.0,192,4,0,1.0,True,57,77,7.810249675906654,0.12203515118604147,0.05078125
4,2,256,64.0,202,4,0,1.0,True,58,67,3.5355339059327378,0.05524271728019903,0.0234375
4,2,256,64.0,212,4,0,1.0,True,58,68,3.9370039370059056,0.061515686515717274,0.02734375
4,2,256,64.0,222,4,0,1.0,True,53,72,6.892024376045111,0.10768788087570486,0.04296875
4,2,256,64.0,232,4,0,1.0,True,57,71,5.385164807134504,0.08414320011147662,0.0390625
4,2,256,64.0,242,4,0,1.0,True,56,74,6.48074069840786,0.10126157341262282,0.0390625
4,2,256,64.0,252,4,0,1.0,True,56,68,4.898979485566356,0.07654655446197431,0.03125
4,2,256,64.0,262,4,0,1.0,True,50,76,11.224972160321824,0.1753901900050285,0.0859375
4,2,256,64.0,272,4,0,1.0,True,57,70,4.949747468305833,0.07733980419227864,0.03515625
4,2,256,64.0,282,4,0,1.0,True,59,71,4.58257569495584,0.071602745233685,0.03125
4,2,256,64.0,292,4,0,1.0,True,57,67,4.123105625617661,0.06442352540027595,0.02734375
4,2,256,64.0,302,4,0,1.0,True,55,73,6.519202405202649,0.10186253758129139,0.04296875
4,2,256,64.0,312,4,0,1.0,True,57,78,8.276472678623424,0.129319885603491,0.0546875
4,2,256,64.0,322,4,0,1.0,True,57,67,4.06201920231798,0.06346905003621844,0.02734375
4,2,256,64.0,332,4,0,1.0,True,58,70,4.301162633521313,0.06720566614877052,0.02734375
4,2,256,64.0,342,4,0,1.0,True,60,67,3.082207001484488,0.048159484398195125,0.0234375
4,2,256,64.0,352,4,0,1.0,True,46,79,11.811011811017716,0.1845470595471518,0.0703125
4,2,256,64.0,362,4,0,1.0,True,58,69,4.636809247747852,0.07245014449606019,0.03515625
4,2,256,64.0,372,4,0,1.0,True,49,76,9.82344135219425,0.15349127112803515,0.0625
4,2,256,64.0,382,4,0,1.0,True,54,76,7.874007874011811,0.12303137303143455,0.046875
4,2,256,64.0,392,4,0,1.0,True,59,70,4.06201920231798,0.06346905003621844,0.02734375
4,2,256,64.0,402,4,0,1.0,True,54,75,7.842193570679061,0.12253427454186033,0.0546875
4,2,256,64.0,412,4,0,1.0,True,60,69,4.06201920231798,0.06346905003621844,0.03125
4,2,256,64.0,422,4,0,1.0,True,58,71,5.244044240850758,0.08193819126329309,0.0390625
4,2,256,64.0,432,4,0,1.0,True,58,68,3.9370039370059056,0.061515686515717274,0.02734375
4,2,256,64.0,442,4,0,1.0,True,58,70,4.301162633521313,0.06720566614877052,0.02734375
4,2,256,64.0,452,4,0,1.0,True,55,72,7.582875444051551,0.11848242881330548,0.05859375
4,2,256,64.0,462,4,0,1.0,True,49,72,8.860022573334675,0.1384378527083543,0.05859375
4,2,256,64.0,472,4,0,1.0,True,56,73,6.284902544988268,0.09820160226544168,0.04296875
4,2,256,64.0,482,4,0,1.0,True,54,68,5.787918451395113,0.09043622580304864,0.0390625
4,2,256,64.0,492,4,0,1.0,True,53,81,10.723805294763608,0.16755945773068137,0.0703125
4,2,256,64.0,502,4,0,1.0,True,52,72,7.648529270389178,0.1195082698498309,0.05078125
4,2,256,64.0,512,4,0,1.0,True,57,69,4.415880433163924,0.06899813176818631,0.02734375
4,2,256,64.0,522,4,0,1.0,True,57,73,7.14142842854285,0.11158481919598204,0.0546875
4,2,256,64.0,532,4,0,1.0,True,53,72,6.96419413859206,0.10881553341550093,0.04296875
4,2,512,128.0,42,4,0,1.0,True,113,140,9.669539802906858,0.07554327971020983,0.029296875
4,2,512,128.0,52,4,0,1.0,True,113,144,11.640446726822816,0.09094099005330325,0.041015625
4,2,512,128.0,62,4,0,1.0,True,120,134,5.477225575051661,0.0427908248050911,0.01953125
4,2,512,128.0,72,4,0,1.0,True,121,138,6.442049363362563,0.050328510651270024,0.021484375
4,2,512,128.0,82,4,0,1.0,True,117,135,6.819090848492928,0.053274147253851,0.021484375
4,2,512,128.0,92,4,0,1.0,True,111,143,13.379088160259652,0.10452412625202853,0.05078125
4,2,512,128.0,102,4,0,1.0,True,120,138,7.3484692283495345,0.05740991584648074,0.02734375
4,2,512,128.0,112,4,0,1.0,True,116,138,8.916277250063503,0.06965841601612112,0.033203125
4,2,512,128.0,122,4,0,1.0,True,118,137,7.176350047203662,0.05606523474377861,0.025390625
4,2,512,128.0,132,4,0,1.0,True,110,153,16.263455967290593,0.12705824974445776,0.0546875
4,2,512,128.0,142,4,0,1.0,True,125,130,2.1213203435596424,0.016572815184059706,0.0078125
4,2,512,128.0,152,4,0,1.0,True,119,134,5.522680508593631,0.04314594147338774,0.017578125
4,2,512,128.0,162,4,0,1.0,True,119,137,6.519202405202649,0.050931268790645697,0.021484375
4,2,512,128.0,172,4,0,1.0,True,115,148,13.583077707206124,0.10611779458754785,0.048828125
4,2,512,128.0,182,4,0,1.0,True,120,137,6.041522986797286,0.0471993983343538,0.017578125
4,2,512,128.0,192,4,0,1.0,True,116,148,12.186057606953941,0.09520357505432767,0.0390625
4,2,512,128.0,202,4,0,1.0,True,124,131,2.5495097567963922,0.019918044974971814,0.0078125
4,2,512,128.0,212,4,0,1.0,True,121,141,7.713624310270756,0.06026268992399028,0.025390625
4,2,512,128.0,222,4,0,1.0,True,114,144,10.653637876331258,0.08323154590883795,0.03125
4,2,512,128.0,232,4,0,1.0,True,115,138,8.860022573334675,0.06921892635417715,0.03125
4,2,512,128.0,242,4,0,1.0,True,115,142,9.874208829065749,0.07714225647707616,0.033203125
4,2,512,128.0,252,4,0,1.0,True,119,136,6.519202405202649,0.050931268790645697,0.0234375
4,2,512,128.0,262,4,0,1.0,True,113,143,11.180339887498949,0.08734640537108554,0.0390625
4,2,512,128.0,272,4,0,1.0,True,116,136,8.154753215150045,0.06370900949335973,0.029296875
4,2,512,128.0,282,4,0,1.0,True,114,141,10.319883720275147,0.08062409156464959,0.037109375
4,2,512,128.0,292,4,0,1.0,True,115,138,8.336666000266533,0.06513020312708229,0.025390625
4,2,512,128.0,302,4,0,1.0,True,113,141,9.974968671630002,0.07792944274710939,0.029296875
4,2,512,128.0,312,4,0,1.0,True,106,140,13.693063937629153,0.10697706201272776,0.044921875
4,2,512,128.0,322,4,0,1.0,True,114,138,8.74642784226795,0.06833146751771836,0.02734375
4,2,512,128.0,332,4,0,1.0,True,118,135,6.284902544988268,0.04910080113272084,0.01953125
4,2,512,128.0,342,4,0,1.0,True,111,136,9.924716620639604,0.0775368485987469,0.033203125
4,2,512,128.0,352,4,0,1.0,True,123,136,4.847679857416329,0.03787249888606507,0.015625
4,2,512,128.0,362,4,0,1.0,True,121,135,5.385164807134504,0.04207160005573831,0.01953125
4,2,512,128.0,372,4,0,1.0,True,109,145,13.076696830622021,0.10216169398923454,0.04296875
4,2,512,128.0,382,4,0,1.0,True,111,143,11.445523142259598,0.0894181495489031,0.03515625
4,2,512,128.0,392,4,0,1.0,True,103,156,18.828170383762732,0.14709508112314634,0.0546875
4,2,512,128.0,402,4,0,1.0,True,118,141,9.460443964212251,0.07390971847040821,0.03515625
4,2,512,128.0,412,4,0,1.0,True,117,139,8.54400374531753,0.0667500292602932,0.03125
4,2,512,128.0,422,4,0,1.0,True,118,137,8.573214099741124,0.06697823515422753,0.033203125
4,2,512,128.0,432,4,0,1.0,True,118,137,6.96419413859206,0.054407766707750466,0.0234375
4,2,512,128.0,442,4,0,1.0,True,125,134,3.5355339059327378,0.027621358640099514,0.01171875
4,2,512,128.0,452,4,0,1.0,True,119,140,7.648529270389178,0.05975413492491545,0.0234375
4,2,512,128.0,462,4,0,1.0,True,122,138,6.0,0.046875,0.01953125
4,2,512,128.0,472,4,0,1.0,True,119,136,6.284902544988268,0.04910080113272084,0.021484375
4,2,512,128.0,482,4,0,1.0,True,115,137,8.514693182963201,0.06652104049190001,0.029296875
4,2,512,128.0,492,4,0,1.0,True,121,138,7.314369419163897,0.05714351108721794,0.02734375
4,2,512,128.0,502,4,0,1.0,True,113,138,9.974968671630002,0.07792944274710939,0.03515625
4,2,512,128.0,512,4,0,1.0,True,116,135,7.245688373094719,0.05660694041480249,0.0234375
4,2,512,128.0,522,4,0,1.0,True,116,144,10.198039027185569,0.07967217989988726,0.03125
4,2,512,128.0,532,4,0,1.0,True,111,141,10.88577052853862,0.08504508225420797,0.033203125
4,2,1024,256.0,42,4,0,1.0,True,234,276,14.89966442575134,0.05820181416309117,0.021484375
4,2,1024,256.0,52,4,0,1.0,True,240,273,13.838352503098047,0.05405606446522675,0.0263671875
4,2,1024,256.0,62,4,0,1.0,True,249,262,5.612486080160912,0.021923773750628563,0.0107421875
4,2,1024,256.0,72,4,0,1.0,True,237,266,11.247221879201993,0.043934460465632784,0.0185546875
4,2,1024,256.0,82,4,0,1.0,True,239,267,11.180339887498949,0.04367320268554277,0.01953125
4,2,1024,256.0,92,4,0,1.0,True,228,278,18.275666882497067,0.07138932375975417,0.029296875
4,2,1024,256.0,102,4,0,1.0,True,247,265,6.96419413859206,0.027203883353875233,0.0126953125
4,2,1024,256.0,112,4,0,1.0,True,238,270,12.24744871391589,0.047841596538733946,0.021484375
4,2,1024,256.0,122,4,0,1.0,True,244,263,7.842193570679061,0.030633568635465083,0.013671875
4,2,1024,256.0,132,4,0,1.0,True,240,270,10.862780491200215,0.04243273629375084,0.017578125
4,2,1024,256.0,142,4,0,1.0,True,254,259,2.1213203435596424,0.008286407592029853,0.00390625
4,2,1024,256.0,152,4,0,1.0,True,243,263,7.713624310270756,0.03013134496199514,0.0126953125
4,2,1024,256.0,162,4,0,1.0,True,242,268,9.669539802906858,0.03777163985510491,0.0166015625
4,2,1024,256.0,172,4,0,1.0,True,238,277,15.116216457830975,0.059047720538402244,0.02734375
4,2,1024,256.0,182,4,0,1.0,True,237,267,12.103718436910205,0.04728015014418049,0.0205078125
4,2,1024,256.0,192,4,0,1.0,True,231,270,14.849242404917497,0.05800485314420897,0.0244140625
4,2,1024,256.0,202,4,0,1.0,True,254,258,1.5811388300841898,0.006176323555016366,0.0029296875
4,2,1024,256.0,212,4,0,1.0,True,248,271,9.027735042633894,0.03526459001028865,0.0146484375
4,2,1024,256.0,222,4,0,1.0,True,240,277,13.322912594474229,0.052042627322164955,0.0205078125
4,2,1024,256.0,232,4,0,1.0,True,240,269,10.8397416943394,0.04234274099351328,0.0185546875
4,2,1024,256.0,242,4,0,1.0,True,236,275,17.190113437671084,0.06714888061590267,0.033203125
4,2,1024,256.0,252,4,0,1.0,True,247,265,6.363961030678928,0.02485922277608956,0.0087890625
4,2,1024,256.0,262,4,0,1.0,True,243,269,11.597413504743201,0.04530239650290313,0.0224609375
4,2,1024,256.0,272,4,0,1.0,True,228,280,18.973665961010276,0.07411588266019639,0.03125
4,2,1024,256.0,282,4,0,1.0,True,234,277,15.890248582070704,0.06207128352371369,0.02734375
4,2,1024,256.0,292,4,0,1.0,True,245,262,6.59545297913646,0.025763488199751796,0.0107421875
4,2,1024,256.0,302,4,0,1.0,True,236,274,13.47219358530748,0.05262575619260734,0.01953125
4,2,1024,256.0,312,4,0,1.0,True,228,273,17.649362594722792,0.0689428226356359,0.029296875
4,2,1024,256.0,322,4,0,1.0,True,238,270,11.575836902790225,0.04521811290152432,0.017578125
4,2,1024,256.0,332,4,0,1.0,True,241,267,9.513148795220223,0.037160737481329,0.0146484375
4,2,1024,256.0,342,4,0,1.0,True,249,268,7.176350047203662,0.028032617371889303,0.01171875
4,2,1024,256.0,352,4,0,1.0,True,225,275,19.96246477767713,0.07797837803780129,0.0341796875
4,2,1024,256.0,362,4,0,1.0,True,246,265,7.176350047203662,0.028032617371889303,0.0126953125
4,2,1024,256.0,372,4,0,1.0,True,226,268,17.421251390184345,0.0680517632429076,0.029296875
4,2,1024,256.0,382,4,0,1.0,True,232,276,16.077935190813527,0.06280443433911534,0.0263671875
4,2,1024,256.0,392,4,0,1.0,True,227,279,18.841443681416774,0.07359938938053427,0.029296875
4,2,1024,256.0,402,4,0,1.0,True,244,272,11.247221879201993,0.043934460465632784,0.0205078125
4,2,1024,256.0,412,4,0,1.0,True,239,265,10.04987562112089,0.039257326645003476,0.0166015625
4,2,1024,256.0,422,4,0,1.0,True,242,264,8.803408430829505,0.03438831418292775,0.0146484375
4,2,1024,256.0,432,4,0,1.0,True,231,273,17.233687939614086,0.06731909351411752,0.03125
4,2,1024,256.0,442,4,0,1.0,True,244,274,11.045361017187261,0.04314594147338774,0.017578125
4,2,1024,256.0,452,4,0,1.0,True,244,268,8.74642784226795,0.03416573375885918,0.0146484375
4,2,1024,256.0,462,4,0,1.0,True,241,273,12.12435565298214,0.04736076426946149,0.021484375
4,2,1024,256.0,472,4,0,1.0,True,242,265,9.082951062292475,0.03548027758707998,0.015625
4,2,1024,256.0,482,4,0,1.0,True,240,273,14.230249470757707,0.055586911995147294,0.02734375
4,2,1024,256.0,492,4,0,1.0,True,243,267,8.803408430829505,0.03438831418292775,0.0146484375
4,2,1024,256.0,502,4,0,1.0,True,239,271,11.895377253370318,0.046466317395977806,0.0205078125
4,2,1024,256.0,512,4,0,1.0,True,238,266,10.88577052853862,0.042522541127103984,0.017578125
4,2,1024,256.0,522,4,0,1.0,True,227,292,25.129663746258124,0.0981627490088208,0.044921875
4,2,1024,256.0,532,4,0,1.0,True,233,270,13.838352503098047,0.05405606446522675,0.0224609375
4,2,2048,512.0,42,4,0,1.0,True,484,538,22.214859891523062,0.04338839822563098,0.02099609375
4,2,2048,512.0,52,4,0,1.0,True,488,536,18.973665961010276,0.037057941330098196,0.017578125
4,2,2048,512.0,62,4,0,1.0,True,498,519,8.276472678623424,0.016164985700436375,0.0068359375
4,2,2048,512.0,72,4,0,1.0,True,478,534,20.688160865577203,0.040406564190580474,0.0166015625
4,2,2048,512.0,82,4,0,1.0,True,486,527,16.896745248715803,0.03300145556389805,0.0146484375
4,2,2048,512.0,92,4,0,1.0,True,473,543,25.865034312755125,0.05051764514209985,0.021484375
4,2,2048,512.0,102,4,0,1.0,True,498,536,14.949916387726054,0.02919905544477745,0.01220703125
4,2,2048,512.0,112,4,0,1.0,True,485,537,18.425525772688278,0.03598735502478179,0.01318359375
4,2,2048,512.0,122,4,0,1.0,True,493,523,11.423659658795863,0.02231183527108567,0.00927734375
4,2,2048,512.0,132,4,0,1.0,True,488,557,27.99107000455681,0.05467005860265002,0.02294921875
4,2,2048,512.0,142,4,0,1.0,True,509,516,2.5495097567963922,0.004979511243742954,0.001953125
4,2,2048,512.0,152,4,0,1.0,True,493,521,11.291589790636214,0.022053886309836356,0.00927734375
4,2,2048,512.0,162,4,0,1.0,True,493,530,13.656500283747663,0.026672852116694654,0.01171875
4,2,2048,512.0,172,4,0,1.0,True,485,541,21.047565179849187,0.04110852574189294,0.0185546875
4,2,2048,512.0,182,4,0,1.0,True,497,527,10.816653826391969,0.021126277004671814,0.0087890625
4,2,2048,512.0,192,4,0,1.0,True,474,545,26.296387584609413,0.05136013200119026,0.0224609375
4,2,2048,512.0,202,4,0,1.0,True,511,514,1.224744871391589,0.002392079826936697,0.0009765625
4,2,2048,512.0,212,4,0,1.0,True,501,533,12.68857754044952,0.02478237800869047,0.01025390625
4,2,2048,512.0,222,4,0,1.0,True,493,537,15.98436736314578,0.031219467506144103,0.01220703125
4,2,2048,512.0,232,4,0,1.0,True,492,529,13.546217184144066,0.02645745543778138,0.01123046875
4,2,2048,512.0,242,4,0,1.0,True,481,545,30.553232234904378,0.059674281708797614,0.02978515625
4,2,2048,512.0,252,4,0,1.0,True,492,523,12.469963913339926,0.024355398268242043,0.01025390625
4,2,2048,512.0,262,4,0,1.0,True,497,527,11.704699910719626,0.02286074201312427,0.0107421875
4,2,2048,512.0,272,4,0,1.0,True,484,524,16.38596960817394,0.03200384689096473,0.013671875
4,2,2048,512.0,282,4,0,1.0,True,480,540,22.44994432064365,0.04384754750125713,0.01953125
4,2,2048,512.0,292,4,0,1.0,True,493,527,12.267844146385297,0.023960633098408783,0.00927734375
4,2,2048,512.0,302,4,0,1.0,True,481,537,20.074859899884732,0.03920871074196237,0.01513671875
4,2,2048,512.0,312,4,0,1.0,True,475,535,23.430749027719962,0.04576318169476555,0.01953125
4,2,2048,512.0,322,4,0,1.0,True,489,531,15.132745950421556,0.029556144434417102,0.01171875
4,2,2048,512.0,332,4,0,1.0,True,489,527,14.45683229480096,0.028236000575783127,0.01171875
4,2,2048,512.0,342,4,0,1.0,True,502,527,9.192388155425117,0.017953883116064683,0.00732421875
4,2,2048,512.0,352,4,0,1.0,True,490,552,23.73815494093844,0.04636358386902039,0.01953125
4,2,2048,512.0,362,4,0,1.0,True,497,525,10.04987562112089,0.019628663322501738,0.0078125
4,2,2048,512.0,372,4,0,1.0,True,473,556,34.16869912653978,0.066735740481523,0.0322265625
4,2,2048,512.0,382,4,0,1.0,True,478,540,23.021728866442675,0.04496431419227085,0.01953125
4,2,2048,512.0,392,4,0,1.0,True,474,542,24.73863375370596,0.048317644050206957,0.01953125
4,2,2048,512.0,402,4,0,1.0,True,493,530,13.874436925511608,0.02709850962013986,0.01220703125
4,2,2048,512.0,412,4,0,1.0,True,473,530,22.726636354727024,0.04438796163032622,0.01904296875
4,2,2048,512.0,422,4,0,1.0,True,493,522,11.467344941179714,0.02239715808824163,0.00927734375
4,2,2048,512.0,432,4,0,1.0,True,485,526,15.921683328090658,0.031097037750177067,0.01318359375
4,2,2048,512.0,442,4,0,1.0,True,485,549,23.2163735324878,0.045344479555640235,0.01806640625
4,2,2048,512.0,452,4,0,1.0,True,503,524,7.582875444051551,0.014810303601663185,0.005859375
4,2,2048,512.0,462,4,0,1.0,True,490,531,15.763882770434446,0.030788833536004777,0.01416015625
4,2,2048,512.0,472,4,0,1.0,True,500,525,12.020815280171307,0.023478154844084585,0.01171875
4,2,2048,512.0,482,4,0,1.0,True,482,541,25.0099980007996,0.04884765234531172,0.02392578125
4,2,2048,512.0,492,4,0,1.0,True,495,526,11.113055385446435,0.021705186299700068,0.00830078125
4,2,2048,512.0,502,4,0,1.0,True,488,538,18.207141456033124,0.035560823156314696,0.01513671875
4,2,2048,512.0,512,4,0,1.0,True,484,526,16.792855623746664,0.032798546140130204,0.013671875
4,2,2048,512.0,522,4,0,1.0,True,456,572,44.16446535394717,0.08625872139442807,0.03955078125
4,2,2048,512.0,532,4,0,1.0,True,478,542,22.891046284519195,0.04470907477445155,0.017578125
4,2,4096,1024.0,42,4,0,1.0,True,990,1069,34.08078637590395,0.0332820179452187,0.01611328125
4,2,4096,1024.0,52,4,0,1.0,True,989,1058,26.74883175019051,0.02612190600604542,0.01220703125
4,2,4096,1024.0,62,4,0,1.0,True,994,1038,17.621010186706094,0.01720801776045517,0.00732421875
4,2,4096,1024.0,72,4,0,1.0,True,986,1050,23.67488120350343,0.023120001175296317,0.00927734375
4,2,4096,1024.0,82,4,0,1.0,True,985,1047,25.632011235952593,0.025031260972609954,0.01123046875
4,2,4096,1024.0,92,4,0,1.0,True,969,1067,36.173194495371845,0.03532538524938657,0.014892578125
4,2,4096,1024.0,102,4,0,1.0,True,1003,1057,20.615528128088304,0.020132351687586234,0.00830078125
4,2,4096,1024.0,112,4,0,1.0,True,985,1065,28.521921393903323,0.027853438861233714,0.010986328125
4,2,4096,1024.0,122,4,0,1.0,True,1012,1043,11.640446726822816,0.011367623756662906,0.004638671875
4,2,4096,1024.0,132,4,0,1.0,True,989,1090,40.441315507782384,0.039493472175568735,0.01611328125
4,2,4096,1024.0,142,4,0,1.0,True,1020,1031,4.301162633521313,0.0042003541342981576,0.001708984375
4,2,4096,1024.0,152,4,0,1.0,True,997,1038,16.20185174601965,0.015822120845722314,0.006591796875
4,2,4096,1024.0,162,4,0,1.0,True,997,1053,20.43281674170255,0.019953922599318896,0.008544921875
4,2,4096,1024.0,172,4,0,1.0,True,984,1064,29.966648127543394,0.029264304812054096,0.01318359375
4,2,4096,1024.0,182,4,0,1.0,True,996,1044,18.560711193270585,0.018125694524678305,0.008056640625
4,2,4096,1024.0,192,4,0,1.0,True,969,1072,37.808729150819126,0.0369225870613468,0.015869140625
4,2,4096,1024.0,202,4,0,1.0,True,1013,1029,6.442049363362563,0.006291063831408753,0.002685546875
4,2,4096,1024.0,212,4,0,1.0,True,1008,1052,17.04406054905931,0.016644590379940732,0.0068359375
4,2,4096,1024.0,222,4,0,1.0,True,999,1050,19.50640920313116,0.019049227737432773,0.0087890625
4,2,4096,1024.0,232,4,0,1.0,True,997,1048,18.66815470259447,0.018230619826752413,0.0078125
4,2,4096,1024.0,242,4,0,1.0,True,981,1063,36.40054944640259,0.03554741156875253,0.017578125
4,2,4096,1024.0,252,4,0,1.0,True,1004,1039,12.864680330268607,0.012563164385027937,0.005126953125
4,2,4096,1024.0,262,4,0,1.0,True,994,1046,22.715633383201094,0.02218323572578232,0.0107421875
4,2,4096,1024.0,272,4,0,1.0,True,985,1043,22.9891278651453,0.022450320180805956,0.009521484375
4,2,4096,1024.0,282,4,0,1.0,True,976,1063,31.13679495388053,0.030407026322148954,0.01171875
4,2,4096,1024.0,292,4,0,1.0,True,1010,1042,12.509996003196804,0.012216792971871879,0.005615234375
4,2,4096,1024.0,302,4,0,1.0,True,979,1054,27.937430089397985,0.02728264657167772,0.010986328125
4,2,4096,1024.0,312,4,0,1.0,True,972,1057,32.931747600150224,0.0321599097657717,0.013671875
4,2,4096,1024.0,322,4,0,1.0,True,993,1051,20.904544960366874,0.020414594687858275,0.00830078125
4,2,4096,1024.0,332,4,0,1.0,True,990,1046,21.644860821913362,0.021137559396399767,0.009033203125
4,2,4096,1024.0,342,4,0,1.0,True,1008,1044,12.90348790056394,0.012601062402894473,0.0048828125
4,2,4096,1024.0,352,4,0,1.0,True,989,1075,31.51190251317746,0.030773342298024864,0.012451171875
4,2,4096,1024.0,362,4,0,1.0,True,1001,1042,14.815532390029054,0.014468293349637748,0.005615234375
4,2,4096,1024.0,372,4,0,1.0,True,961,1063,38.242646351945886,0.037346334328072155,0.015380859375
4,2,4096,1024.0,382,4,0,1.0,True,975,1064,33.18885355055218,0.032410989795461115,0.01416015625
4,2,4096,1024.0,392,4,0,1.0,True,973,1063,33.1436268383531,0.0323668230843292,0.013427734375
4,2,4096,1024.0,402,4,0,1.0,True,995,1046,18.934096228761486,0.01849032834839989,0.0078125
4,2,4096,1024.0,412,4,0,1.0,True,1009,1051,16.15549442140351,0.015776850020901866,0.006591796875
4,2,4096,1024.0,422,4,0,1.0,True,997,1039,16.263455967290593,0.01588228121805722,0.006591796875
4,2,4096,1024.0,432,4,0,1.0,True,985,1042,22.792542640082964,0.02225834242195602,0.009521484375
4,2,4096,1024.0,442,4,0,1.0,True,1004,1060,21.540659228538015,0.021035800027869155,0.0087890625
4,2,4096,1024.0,452,4,0,1.0,True,1000,1037,14.19506956657839,0.013862372623611709,0.005859375
4,2,4096,1024.0,462,4,0,1.0,True,994,1045,20.579115627256677,0.02009679260474285,0.00927734375
4,2,4096,1024.0,472,4,0,1.0,True,998,1045,18.986837546047525,0.018541833541062036,0.0087890625
4,2,4096,1024.0,482,4,0,1.0,True,967,1072,42.47940677551889,0.041483795679217665,0.019775390625
4,2,4096,1024.0,492,4,0,1.0,True,999,1043,15.84297951775486,0.01547165968530748,0.006103515625
4,2,4096,1024.0,502,4,0,1.0,True,1004,1063,22.94558781116753,0.022407800596843292,0.009521484375
4,2,4096,1024.0,512,4,0,1.0,True,983,1044,24.566236993076494,0.023990465813551264,0.010009765625
4,2,4096,1024.0,522,4,0,1.0,True,944,1110,63.494094213556586,0.062005951380426354,0.028564453125
4,2,4096,1024.0,532,4,0,1.0,True,974,1066,32.89376840679705,0.032122820709762745,0.01220703125
8,3,4,0.5,42,4,4,0.5,False,0,1,0.5,1.0,0.5
8,3,4,0.5,52,3,5,0.375,False,0,2,0.7071067811865476,1.4142135623730951,0.625
8,3,4,0.5,62,4,4,0.5,False,0,1,0.5,1.0,0.5
8,3,4,0.5,72,4,4,0.5,False,0,1,0.5,1.0,0.5
8,3,4,0.5,82,2,6,0.25,False,0,3,1.0,2.0,0.75
8,3,4,0.5,92,3,5,0.375,False,0,2,0.7071067811865476,1.4142135623730951,0.625
8,3,4,0.5,102,4,4,0.5,False,0,1,0.5,1.0,0.5
8,3,4,0.5,112,4,4,0.5,False,0,1,0.5,1.0,0.5
8,3,4,0.5,122,4,4,0.5,False,0,1,0.5,1.0,0.5
8,3,4,0.5,132,4,4,0.5,False,0,1,0.5,1.0,0.5
8,3,4,0.5,142,3,5,0.375,False,0,2,0.7071067811865476,1.4142135623730951,0.625
8,3,4,0.5,152,4,4,0.5,False,0,1,0.5,1.0,0.5
8,3,4,0.5,162,4,4,0.5,False,0,1,0.5,1.0,0.5
8,3,4,0.5,172,3,5,0.375,False,0,2,0.7071067811865476,1.4142135623730951,0.625
8,3,4,0.5,182,3,5,0.375,False,0,2,0.7071067811865476,1.4142135623730951,0.625
8,3,4,0.5,192,3,5,0.375,False,0,2,0.7071067811865476,1.4142135623730951,0.625
8,3,4,0.5,202,4,4,0.5,False,0,1,0.5,1.0,0.5
8,3,4,0.5,212,3,5,0.375,False,0,2,0.7071067811865476,1.4142135623730951,0.625
8,3,4,0.5,222,4,4,0.5,False,0,1,0.5,1.0,0.5
8,3,4,0.5,232,3,5,0.375,False,0,2,0.7071067811865476,1.4142135623730951,0.625
8,3,4,0.5,242,4,4,0.5,False,0,1,0.5,1.0,0.5
8,3,4,0.5,252,4,4,0.5,False,0,1,0.5,1.0,0.5
8,3,4,0.5,262,4,4,0.5,False,0,1,0.5,1.0,0.5
8,3,4,0.5,272,3,5,0.375,False,0,2,0.7071067811865476,1.4142135623730951,0.625
8,3,4,0.5,282,4,4,0.5,False,0,1,0.5,1.0,0.5
8,3,4,0.5,292,4,4,0.5,False,0,1,0.5,1.0,0.5
8,3,4,0.5,302,3,5,0.375,False,0,2,0.7071067811865476,1.4142135623730951,0.625
8,3,4,0.5,312,3,5,0.375,False,0,2,0.7071067811865476,1.4142135623730951,0.625
8,3,4,0.5,322,3,5,0.375,False,0,2,0.7071067811865476,1.4142135623730951,0.625
8,3,4,0.5,332,3,5,0.375,False,0,2,0.7071067811865476,1.4142135623730951,0.625
8,3,4,0.5,342,4,4,0.5,False,0,1,0.5,1.0,0.5
8,3,4,0.5,352,4,4,0.5,False,0,1,0.5,1.0,0.5
8,3,4,0.5,362,4,4,0.5,False,0,1,0.5,1.0,0.5
8,3,4,0.5,372,3,5,0.375,False,0,2,0.7071067811865476,1.4142135623730951,0.625
8,3,4,0.5,382,3,5,0.375,False,0,2,0.7071067811865476,1.4142135623730951,0.625
8,3,4,0.5,392,3,5,0.375,False,0,2,0.7071067811865476,1.4142135623730951,0.625
8,3,4,0.5,402,3,5,0.375,False,0,2,0.7071067811865476,1.4142135623730951,0.625
8,3,4,0.5,412,3,5,0.375,False,0,2,0.7071067811865476,1.4142135623730951,0.625
8,3,4,0.5,422,4,4,0.5,False,0,1,0.5,1.0,0.5
8,3,4,0.5,432,3,5,0.375,False,0,2,0.7071067811865476,1.4142135623730951,0.625
8,3,4,0.5,442,3,5,0.375,False,0,2,0.7071067811865476,1.4142135623730951,0.625
8,3,4,0.5,452,3,5,0.375,False,0,2,0.7071067811865476,1.4142135623730951,0.625
8,3,4,0.5,462,3,5,0.375,False,0,2,0.7071067811865476,1.4142135623730951,0.625
8,3,4,0.5,472,4,4,0.5,False,0,1,0.5,1.0,0.5
8,3,4,0.5,482,4,4,0.5,False,0,1,0.5,1.0,0.5
8,3,4,0.5,492,4,4,0.5,False,0,1,0.5,1.0,0.5
8,3,4,0.5,502,4,4,0.5,False,0,1,0.5,1.0,0.5
8,3,4,0.5,512,2,6,0.25,False,0,2,0.8660254037844386,1.7320508075688772,0.75
8,3,4,0.5,522,3,5,0.375,False,0,2,0.7071067811865476,1.4142135623730951,0.625
8,3,4,0.5,532,3,5,0.375,False,0,2,0.7071067811865476,1.4142135623730951,0.625
8,3,8,1.0,42,5,3,0.625,False,0,2,0.8660254037844386,0.8660254037844386,0.375
8,3,8,1.0,52,6,2,0.75,False,0,3,0.8660254037844386,0.8660254037844386,0.25
8,3,8,1.0,62,6,2,0.75,False,0,2,0.7071067811865476,0.7071067811865476,0.25
8,3,8,1.0,72,5,3,0.625,False,0,2,0.8660254037844386,0.8660254037844386,0.375
8,3,8,1.0,82,4,4,0.5,False,0,4,1.3228756555322954,1.3228756555322954,0.5
8,3,8,1.0,92,5,3,0.625,False,0,3,1.0,1.0,0.375
8,3,8,1.0,102,5,3,0.625,False,0,2,0.8660254037844386,0.8660254037844386,0.375
8,3,8,1.0,112,5,3,0.625,False,0,2,0.8660254037844386,0.8660254037844386,0.375
8,3,8,1.0,122,5,3,0.625,False,0,2,0.8660254037844386,0.8660254037844386,0.375
8,3,8,1.0,132,5,3,0.625,False,0,2,0.8660254037844386,0.8660254037844386,0.375
8,3,8,1.0,142,4,4,0.5,False,0,3,1.118033988749895,1.118033988749895,0.5
8,3,8,1.0,152,4,4,0.5,False,0,2,1.0,1.0,0.5
8,3,8,1.0,162,4,4,0.5,False,0,2,1.0,1.0,0.5
8,3,8,1.0,172,6,2,0.75,False,0,3,0.8660254037844386,0.8660254037844386,0.25
8,3,8,1.0,182,6,2,0.75,False,0,2,0.7071067811865476,0.7071067811865476,0.25
8,3,8,1.0,192,5,3,0.625,False,0,4,1.224744871391589,1.224744871391589,0.375
8,3,8,1.0,202,7,1,0.875,False,0,2,0.5,0.5,0.125
8,3,8,1.0,212,4,4,0.5,False,0,4,1.3228756555322954,1.3228756555322954,0.5
8,3,8,1.0,222,6,2,0.75,False,0,2,0.7071067811865476,0.7071067811865476,0.25
8,3,8,1.0,232,7,1,0.875,False,0,2,0.5,0.5,0.125
8,3,8,1.0,242,6,2,0.75,False,0,2,0.7071067811865476,0.7071067811865476,0.25
8,3,8,1.0,252,7,1,0.875,False,0,2,0.5,0.5,0.125
8,3,8,1.0,262,6,2,0.75,False,0,2,0.7071067811865476,0.7071067811865476,0.25
8,3,8,1.0,272,6,2,0.75,False,0,3,0.8660254037844386,0.8660254037844386,0.25
8,3,8,1.0,282,5,3,0.625,False,0,2,0.8660254037844386,0.8660254037844386,0.375
8,3,8,1.0,292,6,2,0.75,False,0,2,0.7071067811865476,0.7071067811865476,0.25
8,3,8,1.0,302,4,4,0.5,False,0,4,1.3228756555322954,1.3228756555322954,0.5
8,3,8,1.0,312,6,2,0.75,False,0,3,0.8660254037844386,0.8660254037844386,0.25
8,3,8,1.0,322,5,3,0.625,False,0,3,1.0,1.0,0.375
8,3,8,1.0,332,4,4,0.5,False,0,3,1.118033988749895,1.118033988749895,0.5
8,3,8,1.0,342,6,2,0.75,False,0,3,0.8660254037844386,0.8660254037844386,0.25
8,3,8,1.0,352,5,3,0.625,False,0,2,0.8660254037844386,0.8660254037844386,0.375
8,3,8,1.0,362,5,3,0.625,False,0,2,0.8660254037844386,0.8660254037844386,0.375
8,3,8,1.0,372,6,2,0.75,False,0,3,0.8660254037844386,0.8660254037844386,0.25
8,3,8,1.0,382,5,3,0.625,False,0,2,0.8660254037844386,0.8660254037844386,0.375
8,3,8,1.0,392,5,3,0.625,False,0,3,1.0,1.0,0.375
8,3,8,1.0,402,5,3,0.625,False,0,2,0.8660254037844386,0.8660254037844386,0.375
8,3,8,1.0,412,5,3,0.625,False,0,3,1.0,1.0,0.375
8,3,8,1.0,422,5,3,0.625,False,0,3,1.0,1.0,0.375
8,3,8,1.0,432,6,2,0.75,False,0,2,0.7071067811865476,0.7071067811865476,0.25
8,3,8,1.0,442,5,3,0.625,False,0,2,0.8660254037844386,0.8660254037844386,0.375
8,3,8,1.0,452,5,3,0.625,False,0,3,1.0,1.0,0.375
8,3,8,1.0,462,5,3,0.625,False,0,3,1.0,1.0,0.375
8,3,8,1.0,472,7,1,0.875,False,0,2,0.5,0.5,0.125
8,3,8,1.0,482,5,3,0.625,False,0,2,0.8660254037844386,0.8660254037844386,0.375
8,3,8,1.0,492,6,2,0.75,False,0,2,0.7071067811865476,0.7071067811865476,0.25
8,3,8,1.0,502,6,2,0.75,False,0,2,0.7071067811865476,0.7071067811865476,0.25
8,3,8,1.0,512,4,4,0.5,False,0,3,1.224744871391589,1.224744871391589,0.5
8,3,8,1.0,522,3,5,0.375,False,0,4,1.5,1.5,0.625
8,3,8,1.0,532,4,4,0.5,False,0,3,1.118033988749895,1.118033988749895,0.5
8,3,16,2.0,42,6,2,0.75,False,0,4,1.3228756555322954,0.6614378277661477,0.25
8,3,16,2.0,52,7,1,0.875,False,0,5,1.4142135623730951,0.7071067811865476,0.25
8,3,16,2.0,62,8,0,1.0,True,1,3,0.8660254037844386,0.4330127018922193,0.1875
8,3,16,2.0,72,7,1,0.875,False,0,4,1.224744871391589,0.6123724356957945,0.25
8,3,16,2.0,82,5,3,0.625,False,0,6,2.0615528128088303,1.0307764064044151,0.4375
8,3,16,2.0,92,6,2,0.75,False,0,5,1.6583123951777,0.82915619758885,0.3125
8,3,16,2.0,102,8,0,1.0,True,1,3,0.8660254037844386,0.4330127018922193,0.1875
8,3,16,2.0,112,6,2,0.75,False,0,4,1.5811388300841898,0.7905694150420949,0.375
8,3,16,2.0,122,8,0,1.0,True,1,4,1.118033988749895,0.5590169943749475,0.25
8,3,16,2.0,132,8,0,1.0,True,1,3,1.0,0.5,0.25
8,3,16,2.0,142,6,2,0.75,False,0,5,1.6583123951777,0.82915619758885,0.375
8,3,16,2.0,152,7,1,0.875,False,0,4,1.3228756555322954,0.6614378277661477,0.3125
8,3,16,2.0,162,6,2,0.75,False,0,4,1.4142135623730951,0.7071067811865476,0.3125
8,3,16,2.0,172,8,0,1.0,True,1,4,0.8660254037844386,0.4330127018922193,0.125
8,3,16,2.0,182,8,0,1.0,True,1,4,1.0,0.5,0.1875
8,3,16,2.0,192,7,1,0.875,False,0,5,1.4142135623730951,0.7071067811865476,0.25
8,3,16,2.0,202,8,0,1.0,True,1,3,0.7071067811865476,0.3535533905932738,0.125
8,3,16,2.0,212,7,1,0.875,False,0,6,1.7320508075688772,0.8660254037844386,0.3125
8,3,16,2.0,222,7,1,0.875,False,0,3,1.118033988749895,0.5590169943749475,0.25
8,3,16,2.0,232,8,0,1.0,True,1,3,0.5,0.25,0.0625
8,3,16,2.0,242,7,1,0.875,False,0,4,1.224744871391589,0.6123724356957945,0.25
8,3,16,2.0,252,8,0,1.0,True,1,3,0.5,0.25,0.0625
8,3,16,2.0,262,7,1,0.875,False,0,3,1.0,0.5,0.1875
8,3,16,2.0,272,8,0,1.0,True,1,4,1.118033988749895,0.5590169943749475,0.25
8,3,16,2.0,282,7,1,0.875,False,0,3,1.118033988749895,0.5590169943749475,0.25
8,3,16,2.0,292,8,0,1.0,True,1,3,0.8660254037844386,0.4330127018922193,0.1875
8,3,16,2.0,302,7,1,0.875,False,0,6,1.7320508075688772,0.8660254037844386,0.3125
8,3,16,2.0,312,6,2,0.75,False,0,6,1.8027756377319946,0.9013878188659973,0.3125
8,3,16,2.0,322,8,0,1.0,True,1,5,1.3228756555322954,0.6614378277661477,0.25
8,3,16,2.0,332,7,1,0.875,False,0,5,1.5,0.75,0.3125
8,3,16,2.0,342,8,0,1.0,True,1,4,0.8660254037844386,0.4330127018922193,0.125
8,3,16,2.0,352,8,0,1.0,True,1,4,1.0,0.5,0.1875
8,3,16,2.0,362,8,0,1.0,True,1,4,1.118033988749895,0.5590169943749475,0.25
8,3,16,2.0,372,7,1,0.875,False,0,5,1.4142135623730951,0.7071067811865476,0.25
8,3,16,2.0,382,7,1,0.875,False,0,4,1.224744871391589,0.6123724356957945,0.25
8,3,16,2.0,392,8,0,1.0,True,1,4,1.0,0.5,0.1875
8,3,16,2.0,402,7,1,0.875,False,0,4,1.5811388300841898,0.7905694150420949,0.375
8,3,16,2.0,412,7,1,0.875,False,0,4,1.224744871391589,0.6123724356957945,0.25
8,3,16,2.0,422,8,0,1.0,True,1,4,1.118033988749895,0.5590169943749475,0.25
8,3,16,2.0,432,8,0,1.0,True,1,3,0.7071067811865476,0.3535533905932738,0.125
8,3,16,2.0,442,7,1,0.875,False,0,4,1.224744871391589,0.6123724356957945,0.25
8,3,16,2.0,452,6,2,0.75,False,0,5,1.5811388300841898,0.7905694150420949,0.3125
8,3,16,2.0,462,7,1,0.875,False,0,5,1.5811388300841898,0.7905694150420949,0.3125
8,3,16,2.0,472,7,1,0.875,False,0,3,1.0,0.5,0.1875
8,3,16,2.0,482,7,1,0.875,False,0,3,1.118033988749895,0.5590169943749475,0.25
8,3,16,2.0,492,8,0,1.0,True,1,3,0.8660254037844386,0.4330127018922193,0.1875
8,3,16,2.0,502,7,1,0.875,False,0,4,1.118033988749895,0.5590169943749475,0.1875
8,3,16,2.0,512,7,1,0.875,False,0,5,1.5811388300841898,0.7905694150420949,0.3125
8,3,16,2.0,522,6,2,0.75,False,0,5,1.9364916731037085,0.9682458365518543,0.4375
8,3,16,2.0,532,5,3,0.625,False,0,5,2.0,1.0,0.4375
8,3,32,4.0,42,8,0,1.0,True,1,8,2.1213203435596424,0.5303300858899106,0.21875
8,3,32,4.0,52,7,1,0.875,False,0,8,2.0615528128088303,0.5153882032022076,0.15625
8,3,32,4.0,62,8,0,1.0,True,2,6,1.4142135623730951,0.3535533905932738,0.15625
8,3,32,4.0,72,7,1,0.875,False,0,6,2.0615528128088303,0.5153882032022076,0.21875
8,3,32,4.0,82,8,0,1.0,True,1,10,2.7838821814150108,0.6959705453537527,0.28125
8,3,32,4.0,92,8,0,1.0,True,1,8,2.29128784747792,0.57282196186948,0.21875
8,3,32,4.0,102,8,0,1.0,True,2,6,1.5811388300841898,0.39528470752104744,0.1875
8,3,32,4.0,112,8,0,1.0,True,1,7,2.0,0.5,0.21875
8,3,32,4.0,122,8,0,1.0,True,2,6,1.4142135623730951,0.3535533905932738,0.15625
8,3,32,4.0,132,8,0,1.0,True,2,6,1.5811388300841898,0.39528470752104744,0.1875
8,3,32,4.0,142,8,0,1.0,True,1,8,2.23606797749979,0.5590169943749475,0.25
8,3,32,4.0,152,8,0,1.0,True,2,7,1.8708286933869707,0.46770717334674267,0.21875
8,3,32,4.0,162,7,1,0.875,False,0,7,2.345207879911715,0.5863019699779287,0.25
8,3,32,4.0,172,8,0,1.0,True,2,7,1.4142135623730951,0.3535533905932738,0.125
8,3,32,4.0,182,8,0,1.0,True,2,6,1.224744871391589,0.30618621784789724,0.125
8,3,32,4.0,192,7,1,0.875,False,0,9,2.449489742783178,0.6123724356957945,0.21875
8,3,32,4.0,202,8,0,1.0,True,3,6,1.0,0.25,0.09375
8,3,32,4.0,212,8,0,1.0,True,1,9,2.345207879911715,0.5863019699779287,0.21875
8,3,32,4.0,222,8,0,1.0,True,1,6,1.5,0.375,0.15625
8,3,32,4.0,232,8,0,1.0,True,3,6,1.0,0.25,0.09375
8,3,32,4.0,242,8,0,1.0,True,2,6,1.5,0.375,0.15625
8,3,32,4.0,252,8,0,1.0,True,3,6,0.8660254037844386,0.21650635094610965,0.0625
8,3,32,4.0,262,7,1,0.875,False,0,6,1.8027756377319946,0.45069390943299864,0.15625
8,3,32,4.0,272,8,0,1.0,True,2,7,1.5,0.375,0.15625
8,3,32,4.0,282,8,0,1.0,True,2,6,1.6583123951777,0.414578098794425,0.1875
8,3,32,4.0,292,8,0,1.0,True,2,5,1.3228756555322954,0.33071891388307384,0.15625
8,3,32,4.0,302,8,0,1.0,True,1,9,2.29128784747792,0.57282196186948,0.21875
8,3,32,4.0,312,8,0,1.0,True,1,9,2.23606797749979,0.5590169943749475,0.1875
8,3,32,4.0,322,8,0,1.0,True,3,7,1.3228756555322954,0.33071891388307384,0.125
8,3,32,4.0,332,8,0,1.0,True,1,9,2.3979157616563596,0.5994789404140899,0.25
8,3,32,4.0,342,8,0,1.0,True,2,7,1.5,0.375,0.125
8,3,32,4.0,352,8,0,1.0,True,2,6,1.3228756555322954,0.33071891388307384,0.125
8,3,32,4.0,362,8,0,1.0,True,2,6,1.5811388300841898,0.39528470752104744,0.1875
8,3,32,4.0,372,8,0,1.0,True,1,8,2.0,0.5,0.1875
8,3,32,4.0,382,8,0,1.0,True,1,6,1.7320508075688772,0.4330127018922193,0.1875
8,3,32,4.0,392,8,0,1.0,True,2,7,1.5811388300841898,0.39528470752104744,0.15625
8,3,32,4.0,402,8,0,1.0,True,1,7,1.9364916731037085,0.4841229182759271,0.21875
8,3,32,4.0,412,8,0,1.0,True,2,8,1.8708286933869707,0.46770717334674267,0.1875
8,3,32,4.0,422,8,0,1.0,True,2,7,1.5,0.375,0.15625
8,3,32,4.0,432,8,0,1.0,True,2,6,1.224744871391589,0.30618621784789724,0.125
8,3,32,4.0,442,8,0,1.0,True,2,6,1.224744871391589,0.30618621784789724,0.125
8,3,32,4.0,452,8,0,1.0,True,1,7,1.8027756377319946,0.45069390943299864,0.1875
8,3,32,4.0,462,8,0,1.0,True,1,8,2.0615528128088303,0.5153882032022076,0.21875
8,3,32,4.0,472,8,0,1.0,True,1,5,1.3228756555322954,0.33071891388307384,0.125
8,3,32,4.0,482,8,0,1.0,True,1,6,1.7320508075688772,0.4330127018922193,0.1875
8,3,32,4.0,492,8,0,1.0,True,2,6,1.224744871391589,0.30618621784789724,0.125
8,3,32,4.0,502,8,0,1.0,True,2,6,1.4142135623730951,0.3535533905932738,0.125
8,3,32,4.0,512,8,0,1.0,True,1,8,2.23606797749979,0.5590169943749475,0.21875
8,3,32,4.0,522,7,1,0.875,False,0,9,2.958039891549808,0.739509972887452,0.3125
8,3,32,4.0,532,8,0,1.0,True,1,8,2.5,0.625,0.28125
8,3,64,8.0,42,8,0,1.0,True,4,13,3.0,0.375,0.15625
8,3,64,8.0,52,8,0,1.0,True,2,14,3.082207001484488,0.385275875185561,0.125
8,3,64,8.0,62,8,0,1.0,True,5,10,1.8708286933869707,0.23385358667337133,0.109375
8,3,64,8.0,72,8,0,1.0,True,2,11,2.958039891549808,0.369754986443726,0.15625
8,3,64,8.0,82,8,0,1.0,True,3,16,4.092676385936225,0.5115845482420281,0.21875
8,3,64,8.0,92,8,0,1.0,True,4,13,3.278719262151,0.409839907768875,0.171875
8,3,64,8.0,102,8,0,1.0,True,5,11,2.0,0.25,0.109375
8,3,64,8.0,112,8,0,1.0,True,3,12,3.082207001484488,0.385275875185561,0.171875
8,3,64,8.0,122,8,0,1.0,True,5,11,2.0,0.25,0.109375
8,3,64,8.0,132,8,0,1.0,True,5,11,2.3979157616563596,0.29973947020704494,0.140625
8,3,64,8.0,142,8,0,1.0,True,3,14,3.391164991562634,0.42389562394532926,0.1875
8,3,64,8.0,152,8,0,1.0,True,4,11,2.449489742783178,0.30618621784789724,0.140625
8,3,64,8.0,162,8,0,1.0,True,2,11,3.24037034920393,0.4050462936504913,0.171875
8,3,64,8.0,172,8,0,1.0,True,5,12,2.0,0.25,0.09375
8,3,64,8.0,182,8,0,1.0,True,5,11,1.8027756377319946,0.22534695471649932,0.09375
8,3,64,8.0,192,8,0,1.0,True,2,15,3.4641016151377544,0.4330127018922193,0.15625
8,3,64,8.0,202,8,0,1.0,True,6,10,1.118033988749895,0.13975424859373686,0.046875
8,3,64,8.0,212,8,0,1.0,True,4,16,3.5,0.4375,0.15625
8,3,64,8.0,222,8,0,1.0,True,3,11,2.29128784747792,0.28641098093474,0.109375
8,3,64,8.0,232,8,0,1.0,True,6,10,1.224744871391589,0.15309310892394862,0.0625
8,3,64,8.0,242,8,0,1.0,True,5,12,2.345207879911715,0.29315098498896436,0.125
8,3,64,8.0,252,8,0,1.0,True,6,10,1.118033988749895,0.13975424859373686,0.046875
8,3,64,8.0,262,8,0,1.0,True,2,11,2.7386127875258306,0.3423265984407288,0.125
8,3,64,8.0,272,8,0,1.0,True,6,13,2.179449471770337,0.2724311839712921,0.109375
8,3,64,8.0,282,8,0,1.0,True,5,10,2.1213203435596424,0.2651650429449553,0.125
8,3,64,8.0,292,8,0,1.0,True,5,10,1.8708286933869707,0.23385358667337133,0.109375
8,3,64,8.0,302,8,0,1.0,True,4,15,3.3166247903554,0.414578098794425,0.171875
8,3,64,8.0,312,8,0,1.0,True,3,15,3.3166247903554,0.414578098794425,0.140625
8,3,64,8.0,322,8,0,1.0,True,7,11,1.3228756555322954,0.16535945694153692,0.0625
8,3,64,8.0,332,8,0,1.0,True,3,16,3.640054944640259,0.4550068680800324,0.171875
8,3,64,8.0,342,8,0,1.0,True,5,12,2.179449471770337,0.2724311839712921,0.109375
8,3,64,8.0,352,8,0,1.0,True,4,11,2.23606797749979,0.2795084971874737,0.125
8,3,64,8.0,362,8,0,1.0,True,5,11,2.3979157616563596,0.29973947020704494,0.140625
8,3,64,8.0,372,8,0,1.0,True,4,14,2.9154759474226504,0.3644344934278313,0.140625
8,3,64,8.0,382,8,0,1.0,True,4,11,2.345207879911715,0.29315098498896436,0.125
8,3,64,8.0,392,8,0,1.0,True,5,12,2.345207879911715,0.29315098498896436,0.125
8,3,64,8.0,402,8,0,1.0,True,4,12,2.7386127875258306,0.3423265984407288,0.15625
8,3,64,8.0,412,8,0,1.0,True,5,13,2.5495097567963922,0.31868871959954903,0.125
8,3,64,8.0,422,8,0,1.0,True,6,12,2.0,0.25,0.109375
8,3,64,8.0,432,8,0,1.0,True,5,11,1.8708286933869707,0.23385358667337133,0.09375
8,3,64,8.0,442,8,0,1.0,True,5,11,1.9364916731037085,0.24206145913796356,0.109375
8,3,64,8.0,452,8,0,1.0,True,3,13,3.0,0.375,0.15625
8,3,64,8.0,462,8,0,1.0,True,4,13,2.692582403567252,0.3365728004459065,0.140625
8,3,64,8.0,472,8,0,1.0,True,4,10,1.9364916731037085,0.24206145913796356,0.09375
8,3,64,8.0,482,8,0,1.0,True,3,10,2.5,0.3125,0.140625
8,3,64,8.0,492,8,0,1.0,True,5,10,1.5811388300841898,0.19764235376052372,0.078125
8,3,64,8.0,502,8,0,1.0,True,5,11,2.179449471770337,0.2724311839712921,0.109375
8,3,64,8.0,512,8,0,1.0,True,3,13,3.24037034920393,0.4050462936504913,0.15625
8,3,64,8.0,522,8,0,1.0,True,3,15,3.968626966596886,0.49607837082461076,0.21875
8,3,64,8.0,532,8,0,1.0,True,4,14,3.605551275463989,0.45069390943299864,0.203125
8,3,128,16.0,42,8,0,1.0,True,10,22,4.0,0.25,0.109375
8,3,128,16.0,52,8,0,1.0,True,8,24,4.153311931459037,0.25958199571618984,0.0859375
8,3,128,16.0,62,8,0,1.0,True,12,20,2.7386127875258306,0.1711632992203644,0.078125
8,3,128,16.0,72,8,0,1.0,True,7,21,4.301162633521313,0.2688226645950821,0.109375
8,3,128,16.0,82,8,0,1.0,True,9,27,5.787918451395113,0.36174490321219455,0.15625
8,3,128,16.0,92,8,0,1.0,True,11,24,4.769696007084728,0.2981060004427955,0.125
8,3,128,16.0,102,8,0,1.0,True,12,20,2.7386127875258306,0.1711632992203644,0.078125
8,3,128,16.0,112,8,0,1.0,True,8,22,4.55521678957215,0.28470104934825935,0.125
8,3,128,16.0,122,8,0,1.0,True,12,21,2.9154759474226504,0.18221724671391565,0.078125
8,3,128,16.0,132,8,0,1.0,True,12,20,3.122498999199199,0.19515618744994995,0.09375
8,3,128,16.0,142,8,0,1.0,True,9,24,4.769696007084728,0.2981060004427955,0.1328125
8,3,128,16.0,152,8,0,1.0,True,11,21,3.4641016151377544,0.21650635094610965,0.1015625
8,3,128,16.0,162,8,0,1.0,True,8,21,4.387482193696061,0.27421763710600383,0.1171875
8,3,128,16.0,172,8,0,1.0,True,12,22,2.692582403567252,0.16828640022295324,0.0546875
8,3,128,16.0,182,8,0,1.0,True,12,20,2.23606797749979,0.13975424859373686,0.0546875
8,3,128,16.0,192,8,0,1.0,True,8,25,4.636809247747852,0.28980057798424075,0.109375
8,3,128,16.0,202,8,0,1.0,True,13,20,2.0,0.125,0.046875
8,3,128,16.0,212,8,0,1.0,True,11,26,4.527692569068709,0.2829807855667943,0.109375
8,3,128,16.0,222,8,0,1.0,True,9,19,3.122498999199199,0.19515618744994995,0.078125
8,3,128,16.0,232,8,0,1.0,True,13,19,1.6583123951777,0.10364452469860624,0.0390625
8,3,128,16.0,242,8,0,1.0,True,11,21,3.2015621187164243,0.20009763241977652,0.0859375
8,3,128,16.0,252,8,0,1.0,True,13,19,1.5811388300841898,0.09882117688026186,0.03125
8,3,128,16.0,262,8,0,1.0,True,8,20,3.7080992435478315,0.23175620272173947,0.0859375
8,3,128,16.0,272,8,0,1.0,True,13,22,2.9154759474226504,0.18221724671391565,0.078125
8,3,128,16.0,282,8,0,1.0,True,11,19,3.2015621187164243,0.20009763241977652,0.09375
8,3,128,16.0,292,8,0,1.0,True,12,19,2.449489742783178,0.15309310892394862,0.0703125
8,3,128,16.0,302,8,0,1.0,True,10,27,4.949747468305833,0.30935921676911454,0.1171875
8,3,128,16.0,312,8,0,1.0,True,9,26,4.636809247747852,0.28980057798424075,0.1015625
8,3,128,16.0,322,8,0,1.0,True,14,21,2.3979157616563596,0.14986973510352247,0.0625
8,3,128,16.0,332,8,0,1.0,True,9,27,5.0990195135927845,0.31868871959954903,0.125
8,3,128,16.0,342,8,0,1.0,True,12,21,2.8284271247461903,0.1767766952966369,0.0703125
8,3,128,16.0,352,8,0,1.0,True,11,20,2.8722813232690143,0.1795175827043134,0.078125
8,3,128,16.0,362,8,0,1.0,True,12,21,3.3166247903554,0.2072890493972125,0.09375
8,3,128,16.0,372,8,0,1.0,True,10,24,4.031128874149275,0.25194555463432966,0.1015625
8,3,128,16.0,382,8,0,1.0,True,9,21,3.6742346141747673,0.22963966338592295,0.09375
8,3,128,16.0,392,8,0,1.0,True,12,22,3.3166247903554,0.2072890493972125,0.0859375
8,3,128,16.0,402,8,0,1.0,True,9,22,4.242640687119285,0.2651650429449553,0.1171875
8,3,128,16.0,412,8,0,1.0,True,12,22,3.278719262151,0.2049199538844375,0.0859375
8,3,128,16.0,422,8,0,1.0,True,13,21,2.7838821814150108,0.17399263633843817,0.078125
8,3,128,16.0,432,8,0,1.0,True,11,20,2.7386127875258306,0.1711632992203644,0.0703125
8,3,128,16.0,442,8,0,1.0,True,11,20,2.9154759474226504,0.18221724671391565,0.078125
8,3,128,16.0,452,8,0,1.0,True,9,23,4.2130748865881795,0.2633171804117612,0.109375
8,3,128,16.0,462,8,0,1.0,True,11,23,3.640054944640259,0.2275034340400162,0.09375
8,3,128,16.0,472,8,0,1.0,True,10,19,2.5495097567963922,0.15934435979977452,0.0546875
8,3,128,16.0,482,8,0,1.0,True,8,20,3.8078865529319543,0.23799290955824715,0.1015625
8,3,128,16.0,492,8,0,1.0,True,11,20,2.5495097567963922,0.15934435979977452,0.0625
8,3,128,16.0,502,8,0,1.0,True,11,21,3.24037034920393,0.20252314682524564,0.078125
8,3,128,16.0,512,8,0,1.0,True,9,23,4.527692569068709,0.2829807855667943,0.109375
8,3,128,16.0,522,8,0,1.0,True,8,26,5.937171043518958,0.3710731902199349,0.1640625
8,3,128,16.0,532,8,0,1.0,True,10,24,5.0,0.3125,0.140625
8,3,256,32.0,42,8,0,1.0,True,26,42,5.431390245600108,0.16973094517500337,0.06640625
8,3,256,32.0,52,8,0,1.0,True,26,44,5.408326913195984,0.1690102160373745,0.06640625
8,3,256,32.0,62,8,0,1.0,True,19,42,8.077747210701755,0.25242960033442985,0.11328125
8,3,256,32.0,72,8,0,1.0,True,26,42,5.123475382979799,0.16010860571811872,0.0703125
8,3,256,32.0,82,8,0,1.0,True,27,39,3.7416573867739413,0.11692679333668567,0.05078125
8,3,256,32.0,92,8,0,1.0,True,25,36,3.2015621187164243,0.10004881620988826,0.0390625
8,3,256,32.0,102,8,0,1.0,True,20,44,7.5,0.234375,0.08984375
8,3,256,32.0,112,8,0,1.0,True,21,45,6.519202405202649,0.20372507516258279,0.078125
8,3,256,32.0,122,8,0,1.0,True,23,41,7.365459931328117,0.23017062285400366,0.109375
8,3,256,32.0,132,8,0,1.0,True,23,40,5.477225575051661,0.1711632992203644,0.0703125
8,3,256,32.0,142,8,0,1.0,True,22,36,4.123105625617661,0.1288470508005519,0.04296875
8,3,256,32.0,152,8,0,1.0,True,24,43,5.408326913195984,0.1690102160373745,0.06640625
8,3,256,32.0,162,8,0,1.0,True,28,38,3.0413812651491097,0.09504316453590968,0.03515625
8,3,256,32.0,172,8,0,1.0,True,24,39,5.049752469181039,0.15780476466190746,0.0703125
8,3,256,32.0,182,8,0,1.0,True,26,38,3.3541019662496847,0.10481568644530265,0.04296875
8,3,256,32.0,192,8,0,1.0,True,26,38,3.7416573867739413,0.11692679333668567,0.046875
8,3,256,32.0,202,8,0,1.0,True,22,42,6.041522986797286,0.1887975933374152,0.078125
8,3,256,32.0,212,8,0,1.0,True,24,39,4.873397172404482,0.15229366163764005,0.06640625
8,3,256,32.0,222,8,0,1.0,True,24,50,7.365459931328117,0.23017062285400366,0.08203125
8,3,256,32.0,232,8,0,1.0,True,28,37,3.7416573867739413,0.11692679333668567,0.0546875
8,3,256,32.0,242,8,0,1.0,True,25,38,4.898979485566356,0.15309310892394862,0.0703125
8,3,256,32.0,252,8,0,1.0,True,22,42,6.123724356957945,0.19136638615493579,0.07421875
8,3,256,32.0,262,8,0,1.0,True,23,41,7.615773105863909,0.23799290955824715,0.11328125
8,3,256,32.0,272,8,0,1.0,True,27,36,2.6457513110645907,0.08267972847076846,0.03125
8,3,256,32.0,282,8,0,1.0,True,23,39,4.58257569495584,0.14320549046737,0.0546875
8,3,256,32.0,292,8,0,1.0,True,25,38,3.7416573867739413,0.11692679333668567,0.04296875
8,3,256,32.0,302,8,0,1.0,True,26,42,5.315072906367325,0.1660960283239789,0.07421875
8,3,256,32.0,312,8,0,1.0,True,27,40,4.949747468305833,0.15467960838455727,0.0625
8,3,256,32.0,322,8,0,1.0,True,22,35,4.272001872658765,0.1335000585205864,0.05078125
8,3,256,32.0,332,8,0,1.0,True,18,38,5.979130371550699,0.18684782411095935,0.0703125
8,3,256,32.0,342,8,0,1.0,True,24,38,3.905124837953327,0.12203515118604147,0.046875
8,3,256,32.0,352,8,0,1.0,True,20,42,6.324555320336759,0.19764235376052372,0.078125
8,3,256,32.0,362,8,0,1.0,True,27,36,2.8722813232690143,0.0897587913521567,0.03515625
8,3,256,32.0,372,8,0,1.0,True,24,38,4.5,0.140625,0.0625
8,3,256,32.0,382,8,0,1.0,True,23,42,6.324555320336759,0.19764235376052372,0.08203125
8,3,256,32.0,392,8,0,1.0,True,23,45,5.873670062235365,0.18355218944485516,0.06640625
8,3,256,32.0,402,8,0,1.0,True,23,36,4.092676385936225,0.12789613706050704,0.05078125
8,3,256,32.0,412,8,0,1.0,True,25,36,3.427827300200522,0.10711960313126631,0.04296875
8,3,256,32.0,422,8,0,1.0,True,26,42,6.144102863722254,0.19200321449132043,0.08203125
8,3,256,32.0,432,8,0,1.0,True,26,45,5.385164807134504,0.16828640022295324,0.05859375
8,3,256,32.0,442,8,0,1.0,True,25,39,4.58257569495584,0.14320549046737,0.0625
8,3,256,32.0,452,8,0,1.0,True,22,45,6.244997998398398,0.19515618744994995,0.0703125
8,3,256,32.0,462,8,0,1.0,True,28,40,3.872983346207417,0.12103072956898178,0.05078125
8,3,256,32.0,472,8,0,1.0,True,27,39,4.272001872658765,0.1335000585205864,0.0546875
8,3,256,32.0,482,8,0,1.0,True,21,38,5.678908345800274,0.17746588580625855,0.0703125
8,3,256,32.0,492,8,0,1.0,True,23,43,6.164414002968976,0.1926379375927805,0.078125
8,3,256,32.0,502,8,0,1.0,True,22,45,6.264982043070834,0.19578068884596356,0.06640625
8,3,256,32.0,512,8,0,1.0,True,20,39,5.809475019311125,0.18154609435347266,0.07421875
8,3,256,32.0,522,8,0,1.0,True,25,45,6.103277807866851,0.1907274314958391,0.078125
8,3,256,32.0,532,8,0,1.0,True,25,39,4.9749371855331,0.15546678704790937,0.0703125
8,3,512,64.0,42,8,0,1.0,True,54,74,6.708203932499369,0.10481568644530265,0.044921875
8,3,512,64.0,52,8,0,1.0,True,50,75,9.151502608861563,0.14299222826346192,0.06640625
8,3,512,64.0,62,8,0,1.0,True,52,73,7.632168761236874,0.11925263689432615,0.056640625
8,3,512,64.0,72,8,0,1.0,True,55,75,6.689544080129826,0.10452412625202853,0.044921875
8,3,512,64.0,82,8,0,1.0,True,50,86,10.920164833920778,0.17062757553001215,0.068359375
8,3,512,64.0,92,8,0,1.0,True,54,72,5.5677643628300215,0.08699631816921909,0.037109375
8,3,512,64.0,102,8,0,1.0,True,55,74,6.0,0.09375,0.041015625
8,3,512,64.0,112,8,0,1.0,True,55,78,9.069178573608527,0.14170591521263323,0.06640625
8,3,512,64.0,122,8,0,1.0,True,51,74,6.910137480542627,0.10797089813347854,0.044921875
8,3,512,64.0,132,8,0,1.0,True,56,76,7.937253933193772,0.12401959270615269,0.05859375
8,3,512,64.0,142,8,0,1.0,True,56,71,4.58257569495584,0.071602745233685,0.03125
8,3,512,64.0,152,8,0,1.0,True,51,81,7.905694150420948,0.12352647110032731,0.0390625
8,3,512,64.0,162,8,0,1.0,True,57,77,6.06217782649107,0.09472152853892297,0.03515625
8,3,512,64.0,172,8,0,1.0,True,57,74,6.244997998398398,0.09757809372497497,0.04296875
8,3,512,64.0,182,8,0,1.0,True,55,73,6.726812023536855,0.10510643786776336,0.044921875
8,3,512,64.0,192,8,0,1.0,True,54,79,7.648529270389178,0.1195082698498309,0.048828125
8,3,512,64.0,202,8,0,1.0,True,56,74,5.385164807134504,0.08414320011147662,0.033203125
8,3,512,64.0,212,8,0,1.0,True,57,71,4.55521678957215,0.07117526233706484,0.033203125
8,3,512,64.0,222,8,0,1.0,True,56,76,6.855654600401044,0.10711960313126631,0.044921875
8,3,512,64.0,232,8,0,1.0,True,54,71,6.041522986797286,0.0943987966687076,0.041015625
8,3,512,64.0,242,8,0,1.0,True,42,74,9.9498743710662,0.15546678704790937,0.060546875
8,3,512,64.0,252,8,0,1.0,True,55,79,7.533259586659682,0.11770718104155753,0.05078125
8,3,512,64.0,262,8,0,1.0,True,51,77,9.759610647971568,0.15249391637455575,0.068359375
8,3,512,64.0,272,8,0,1.0,True,51,72,7.035623639735144,0.10993161937086163,0.048828125
8,3,512,64.0,282,8,0,1.0,True,58,73,4.301162633521313,0.06720566614877052,0.02734375
8,3,512,64.0,292,8,0,1.0,True,57,70,3.905124837953327,0.061017575593020734,0.0234375
8,3,512,64.0,302,8,0,1.0,True,54,72,6.103277807866851,0.09536371574791955,0.041015625
8,3,512,64.0,312,8,0,1.0,True,56,83,8.831760866327848,0.13799626353637262,0.056640625
8,3,512,64.0,322,8,0,1.0,True,52,75,6.557438524302,0.10245997694221876,0.0390625
8,3,512,64.0,332,8,0,1.0,True,58,72,4.358898943540674,0.06810779599282303,0.029296875
8,3,512,64.0,342,8,0,1.0,True,59,67,2.8284271247461903,0.04419417382415922,0.01953125
8,3,512,64.0,352,8,0,1.0,True,48,81,8.874119674649425,0.13865811991639726,0.048828125
8,3,512,64.0,362,8,0,1.0,True,58,70,3.7416573867739413,0.05846339666834283,0.0234375
8,3,512,64.0,372,8,0,1.0,True,49,77,8.514693182963201,0.13304208098380002,0.0546875
8,3,512,64.0,382,8,0,1.0,True,54,77,7.54983443527075,0.11796616305110547,0.05078125
8,3,512,64.0,392,8,0,1.0,True,55,81,7.697402159170326,0.12027190873703635,0.046875
8,3,512,64.0,402,8,0,1.0,True,57,76,5.916079783099616,0.0924387466109315,0.0390625
8,3,512,64.0,412,8,0,1.0,True,55,70,4.769696007084728,0.07452650011069888,0.033203125
8,3,512,64.0,422,8,0,1.0,True,56,73,6.103277807866851,0.09536371574791955,0.0390625
8,3,512,64.0,432,8,0,1.0,True,52,87,10.41633332799983,0.16275520824999734,0.0625
8,3,512,64.0,442,8,0,1.0,True,51,76,7.648529270389178,0.1195082698498309,0.046875
8,3,512,64.0,452,8,0,1.0,True,57,76,6.164414002968976,0.09631896879639025,0.037109375
8,3,512,64.0,462,8,0,1.0,True,48,80,9.40744386111339,0.1469913103298967,0.0546875
8,3,512,64.0,472,8,0,1.0,True,55,74,6.48074069840786,0.10126157341262282,0.044921875
8,3,512,64.0,482,8,0,1.0,True,53,71,6.4031242374328485,0.10004881620988826,0.044921875
8,3,512,64.0,492,8,0,1.0,True,52,85,9.86154146165801,0.1540865853384064,0.0625
8,3,512,64.0,502,8,0,1.0,True,50,73,7.7781745930520225,0.12153397801643785,0.052734375
8,3,512,64.0,512,8,0,1.0,True,50,73,6.87386354243376,0.1074041178505275,0.04296875
8,3,512,64.0,522,8,0,1.0,True,55,78,8.789197915623474,0.13733121743161678,0.064453125
8,3,512,64.0,532,8,0,1.0,True,52,71,6.782329983125268,0.10597390598633231,0.048828125
8,3,1024,128.0,42,8,0,1.0,True,105,146,13.285330255586423,0.10379164262176893,0.0439453125
8,3,1024,128.0,52,8,0,1.0,True,113,147,12.439855304624729,0.09718636956738069,0.0439453125
8,3,1024,128.0,62,8,0,1.0,True,112,138,8.860022573334675,0.06921892635417715,0.0302734375
8,3,1024,128.0,72,8,0,1.0,True,103,143,13.285330255586423,0.10379164262176893,0.0439453125
8,3,1024,128.0,82,8,0,1.0,True,109,160,14.465476141489432,0.11301153235538619,0.04296875
8,3,1024,128.0,92,8,0,1.0,True,111,143,11.067971810589327,0.08646852977022912,0.0390625
8,3,1024,128.0,102,8,0,1.0,True,109,145,11.213830746002902,0.08760805270314767,0.0380859375
8,3,1024,128.0,112,8,0,1.0,True,115,152,12.609520212918492,0.09851187666342572,0.0439453125
8,3,1024,128.0,122,8,0,1.0,True,105,144,11.61895003862225,0.09077304717673633,0.0380859375
8,3,1024,128.0,132,8,0,1.0,True,110,154,14.534441853748634,0.1135503269824112,0.046875
8,3,1024,128.0,142,8,0,1.0,True,119,138,5.431390245600108,0.04243273629375084,0.0166015625
8,3,1024,128.0,152,8,0,1.0,True,105,141,10.583005244258363,0.08267972847076846,0.0322265625
8,3,1024,128.0,162,8,0,1.0,True,117,146,9.041570660012562,0.07063727078134814,0.029296875
8,3,1024,128.0,172,8,0,1.0,True,110,142,11.034038245356955,0.08620342379185121,0.0380859375
8,3,1024,128.0,182,8,0,1.0,True,102,142,12.196310917650468,0.09528367904414428,0.0380859375
8,3,1024,128.0,192,8,0,1.0,True,113,150,10.988630487917955,0.08584867568685903,0.033203125
8,3,1024,128.0,202,8,0,1.0,True,117,141,7.22841614740048,0.05647200115156625,0.0224609375
8,3,1024,128.0,212,8,0,1.0,True,111,141,9.5524865872714,0.07462880146305781,0.03125
8,3,1024,128.0,222,8,0,1.0,True,111,146,9.912113800799505,0.07743838906874613,0.029296875
8,3,1024,128.0,232,8,0,1.0,True,113,140,8.336666000266533,0.06513020312708229,0.0283203125
8,3,1024,128.0,242,8,0,1.0,True,114,142,9.460443964212251,0.07390971847040821,0.0322265625
8,3,1024,128.0,252,8,0,1.0,True,111,150,11.6940155635265,0.09135949659005078,0.037109375
8,3,1024,128.0,262,8,0,1.0,True,104,145,11.958260743101398,0.09342391205547967,0.037109375
8,3,1024,128.0,272,8,0,1.0,True,116,146,10.559356040971437,0.08249496907008935,0.0380859375
8,3,1024,128.0,282,8,0,1.0,True,114,139,7.874007874011811,0.061515686515717274,0.025390625
8,3,1024,128.0,292,8,0,1.0,True,119,140,6.164414002968976,0.048159484398195125,0.01953125
8,3,1024,128.0,302,8,0,1.0,True,108,140,11.6081867662439,0.09068895911128047,0.0400390625
8,3,1024,128.0,312,8,0,1.0,True,111,144,11.07925990308017,0.08655671799281382,0.0380859375
8,3,1024,128.0,322,8,0,1.0,True,109,145,9.86154146165801,0.0770432926692032,0.02734375
8,3,1024,128.0,332,8,0,1.0,True,117,136,6.363961030678928,0.04971844555217912,0.0224609375
8,3,1024,128.0,342,8,0,1.0,True,111,139,8.930285549745875,0.06976785585738965,0.0283203125
8,3,1024,128.0,352,8,0,1.0,True,109,152,13.019216566291536,0.10171262942415263,0.0400390625
8,3,1024,128.0,362,8,0,1.0,True,111,135,7.7781745930520225,0.060766989008218926,0.025390625
8,3,1024,128.0,372,8,0,1.0,True,107,147,11.313708498984761,0.08838834764831845,0.037109375
8,3,1024,128.0,382,8,0,1.0,True,104,149,14.696938456699069,0.11481983169296148,0.0478515625
8,3,1024,128.0,392,8,0,1.0,True,100,151,15.116216457830975,0.11809544107680449,0.0439453125
8,3,1024,128.0,402,8,0,1.0,True,117,143,8.04673846971554,0.06286514429465266,0.0263671875
8,3,1024,128.0,412,8,0,1.0,True,116,143,8.04673846971554,0.06286514429465266,0.02734375
8,3,1024,128.0,422,8,0,1.0,True,116,138,8.215838362577491,0.06418623720763665,0.029296875
8,3,1024,128.0,432,8,0,1.0,True,118,145,8.246211251235321,0.06442352540027595,0.025390625
8,3,1024,128.0,442,8,0,1.0,True,113,145,9.082951062292475,0.07096055517415996,0.0263671875
8,3,1024,128.0,452,8,0,1.0,True,119,141,8.2915619758885,0.06477782793662891,0.025390625
8,3,1024,128.0,462,8,0,1.0,True,118,144,8.888194417315589,0.06943901888527804,0.03125
8,3,1024,128.0,472,8,0,1.0,True,113,145,9.785192895390463,0.07644681949523799,0.0302734375
8,3,1024,128.0,482,8,0,1.0,True,113,150,11.379806676741042,0.08890473966203939,0.03515625
8,3,1024,128.0,492,8,0,1.0,True,107,152,15.540270267920054,0.12140836146812542,0.0537109375
8,3,1024,128.0,502,8,0,1.0,True,109,142,10.583005244258363,0.08267972847076846,0.0341796875
8,3,1024,128.0,512,8,0,1.0,True,115,147,9.848857801796104,0.07694420157653206,0.0322265625
8,3,1024,128.0,522,8,0,1.0,True,116,148,11.390785749894517,0.08899051367105092,0.041015625
8,3,1024,128.0,532,8,0,1.0,True,111,139,8.48528137423857,0.06629126073623882,0.0283203125
8,3,2048,256.0,42,8,0,1.0,True,232,277,14.585952145814822,0.05697637556958915,0.0244140625
8,3,2048,256.0,52,8,0,1.0,True,232,277,13.77497731395591,0.05380850513264027,0.0224609375
8,3,2048,256.0,62,8,0,1.0,True,243,268,8.381527307120106,0.03274034104343791,0.0146484375
8,3,2048,256.0,72,8,0,1.0,True,229,280,17.930421077041107,0.07004070733219182,0.03125
8,3,2048,256.0,82,8,0,1.0,True,238,272,11.726039399558575,0.04580484140452568,0.0205078125
8,3,2048,256.0,92,8,0,1.0,True,229,281,16.859715300087366,0.06585826289096627,0.025390625
8,3,2048,256.0,102,8,0,1.0,True,218,284,18.39157415774952,0.07184208655370906,0.02587890625
8,3,2048,256.0,112,8,0,1.0,True,237,296,17.727097901235837,0.06924647617670249,0.02734375
8,3,2048,256.0,122,8,0,1.0,True,236,279,13.360389215887388,0.05218902037456011,0.021484375
8,3,2048,256.0,132,8,0,1.0,True,223,294,22.416511771459895,0.08756449910726521,0.03759765625
8,3,2048,256.0,142,8,0,1.0,True,248,266,5.049752469181039,0.019725595582738432,0.00732421875
8,3,2048,256.0,152,8,0,1.0,True,233,283,16.9336942218761,0.06614724305420351,0.02783203125
8,3,2048,256.0,162,8,0,1.0,True,238,277,12.349089035228468,0.048238629043861204,0.021484375
8,3,2048,256.0,172,8,0,1.0,True,237,275,14.124446891825535,0.055173620671193496,0.0234375
8,3,2048,256.0,182,8,0,1.0,True,223,283,17.190113437671084,0.06714888061590267,0.02685546875
8,3,2048,256.0,192,8,0,1.0,True,229,292,18.547236990991408,0.07245014449606019,0.0283203125
8,3,2048,256.0,202,8,0,1.0,True,239,274,9.9498743710662,0.03886669676197734,0.0146484375
8,3,2048,256.0,212,8,0,1.0,True,239,273,10.63014581273465,0.041524007080994726,0.01708984375
8,3,2048,256.0,222,8,0,1.0,True,235,278,12.62933094031509,0.04933332398560582,0.01953125
8,3,2048,256.0,232,8,0,1.0,True,236,271,10.571187255932987,0.04129370021848823,0.01708984375
8,3,2048,256.0,242,8,0,1.0,True,235,274,16.1245154965971,0.06298638865858242,0.029296875
8,3,2048,256.0,252,8,0,1.0,True,235,289,17.146428199482248,0.06697823515422753,0.02880859375
8,3,2048,256.0,262,8,0,1.0,True,236,273,11.968709203585824,0.046752770326507126,0.0205078125
8,3,2048,256.0,272,8,0,1.0,True,237,270,13.171939872319491,0.05145289012624801,0.0244140625
8,3,2048,256.0,282,8,0,1.0,True,236,278,11.789826122551595,0.04605400829121717,0.0185546875
8,3,2048,256.0,292,8,0,1.0,True,240,273,8.817596044274199,0.03444373454794609,0.0126953125
8,3,2048,256.0,302,8,0,1.0,True,232,270,11.937336386313323,0.04663022025903642,0.01904296875
8,3,2048,256.0,312,8,0,1.0,True,224,278,18.26882590644511,0.0713626011970512,0.02978515625
8,3,2048,256.0,322,8,0,1.0,True,235,275,11.958260743101398,0.04671195602773984,0.0185546875
8,3,2048,256.0,332,8,0,1.0,True,240,267,7.745966692414834,0.030257682392245445,0.01220703125
8,3,2048,256.0,342,8,0,1.0,True,237,280,12.796483892069727,0.04998626520339737,0.02001953125
8,3,2048,256.0,352,8,0,1.0,True,220,302,21.783020910791965,0.08508992543278111,0.029296875
8,3,2048,256.0,362,8,0,1.0,True,244,276,10.8397416943394,0.04234274099351328,0.0185546875
8,3,2048,256.0,372,8,0,1.0,True,229,279,14.274102423620198,0.0557582125922664,0.02294921875
8,3,2048,256.0,382,8,0,1.0,True,232,278,14.317821063276353,0.055928988528423255,0.0224609375
8,3,2048,256.0,392,8,0,1.0,True,222,285,21.130546609115438,0.08254119769185718,0.03515625
8,3,2048,256.0,402,8,0,1.0,True,240,273,10.977249200050075,0.042879879687695605,0.01904296875
8,3,2048,256.0,412,8,0,1.0,True,238,284,13.379088160259652,0.052262063126014266,0.02001953125
8,3,2048,256.0,422,8,0,1.0,True,238,272,11.821590417536889,0.04617808756850347,0.02099609375
8,3,2048,256.0,432,8,0,1.0,True,225,288,21.633307652783937,0.08450510801868726,0.03662109375
8,3,2048,256.0,442,8,0,1.0,True,236,286,15.588457268119896,0.060892411203593344,0.0244140625
8,3,2048,256.0,452,8,0,1.0,True,242,278,11.832159566199232,0.04621937330546575,0.0185546875
8,3,2048,256.0,462,8,0,1.0,True,226,275,15.313392831113555,0.059817940746537325,0.02490234375
8,3,2048,256.0,472,8,0,1.0,True,240,272,11.958260743101398,0.04671195602773984,0.02001953125
8,3,2048,256.0,482,8,0,1.0,True,236,279,14.696938456699069,0.05740991584648074,0.02392578125
8,3,2048,256.0,492,8,0,1.0,True,232,294,17.979154596365202,0.07023107264205157,0.0283203125
8,3,2048,256.0,502,8,0,1.0,True,229,276,13.162446581088183,0.051415806957375715,0.02001953125
8,3,2048,256.0,512,8,0,1.0,True,237,278,12.609520212918492,0.04925593833171286,0.0205078125
8,3,2048,256.0,522,8,0,1.0,True,227,293,21.70829334609241,0.08479802088317348,0.03857421875
8,3,2048,256.0,532,8,0,1.0,True,231,272,11.874342087037917,0.04638414877749186,0.0185546875
8,3,4096,512.0,42,8,0,1.0,True,478,542,22.135943621178654,0.04323426488511456,0.01904296875
8,3,4096,512.0,52,8,0,1.0,True,477,541,19.06567596493762,0.037237648369018786,0.015380859375
8,3,4096,512.0,62,8,0,1.0,True,497,517,6.461423991660043,0.012619968733711021,0.0048828125
8,3,4096,512.0,72,8,0,1.0,True,473,548,25.64176280991617,0.05008156798811752,0.02197265625
8,3,4096,512.0,82,8,0,1.0,True,458,548,28.622543562723422,0.05590340539594418,0.023193359375
8,3,4096,512.0,92,8,0,1.0,True,473,546,23.24865587512534,0.04540753100610418,0.017578125
8,3,4096,512.0,102,8,0,1.0,True,476,549,22.47220505424423,0.043891025496570764,0.01904296875
8,3,4096,512.0,112,8,0,1.0,True,483,579,28.464890654980568,0.05559548956050892,0.0205078125
8,3,4096,512.0,122,8,0,1.0,True,489,549,18.062391868188442,0.03527810911755555,0.013427734375
8,3,4096,512.0,132,8,0,1.0,True,469,572,33.39535895899309,0.06522531046678338,0.027099609375
8,3,4096,512.0,142,8,0,1.0,True,496,539,11.884864324004713,0.023212625632821705,0.0078125
8,3,4096,512.0,152,8,0,1.0,True,483,550,23.010866998007703,0.044943099605483795,0.0185546875
8,3,4096,512.0,162,8,0,1.0,True,488,546,18.384776310850235,0.035907766232129365,0.015625
8,3,4096,512.0,172,8,0,1.0,True,483,553,23.680160472429236,0.04625031342271335,0.019775390625
8,3,4096,512.0,182,8,0,1.0,True,471,548,22.666053913286273,0.04426963654938725,0.018310546875
8,3,4096,512.0,192,8,0,1.0,True,493,546,16.904141504376966,0.03301590137573626,0.013916015625
8,3,4096,512.0,202,8,0,1.0,True,487,538,14.026760139105537,0.027396015896690502,0.010009765625
8,3,4096,512.0,212,8,0,1.0,True,487,534,15.02497920131672,0.02934566250257172,0.012451171875
8,3,4096,512.0,222,8,0,1.0,True,486,540,16.232683080747925,0.03170445914208579,0.012939453125
8,3,4096,512.0,232,8,0,1.0,True,482,533,14.866068747318506,0.029035290522106457,0.011474609375
8,3,4096,512.0,242,8,0,1.0,True,473,536,23.065125189341593,0.0450490726354328,0.02001953125
8,3,4096,512.0,252,8,0,1.0,True,484,538,18.33712082089225,0.035814689103305174,0.015869140625
8,3,4096,512.0,262,8,0,1.0,True,460,535,23.50531854708632,0.045908825287277966,0.018310546875
8,3,4096,512.0,272,8,0,1.0,True,484,530,16.867127793433,0.03294360897154883,0.015380859375
8,3,4096,512.0,282,8,0,1.0,True,483,543,17.233687939614086,0.03365954675705876,0.013671875
8,3,4096,512.0,292,8,0,1.0,True,497,533,12.175795661885921,0.02378085090212094,0.01025390625
8,3,4096,512.0,302,8,0,1.0,True,478,530,16.27114009527298,0.03177957049858004,0.0126953125
8,3,4096,512.0,312,8,0,1.0,True,466,542,25.985572920372565,0.050753072110102666,0.02099609375
8,3,4096,512.0,322,8,0,1.0,True,485,538,15.540270267920054,0.030352090367031355,0.011962890625
8,3,4096,512.0,332,8,0,1.0,True,487,530,11.789826122551595,0.023027004145608584,0.00830078125
8,3,4096,512.0,342,8,0,1.0,True,485,546,17.88854381999832,0.034938562148434216,0.01416015625
8,3,4096,512.0,352,8,0,1.0,True,474,555,22.819947414488052,0.044570209793921976,0.017822265625
8,3,4096,512.0,362,8,0,1.0,True,495,540,14.949916387726054,0.02919905544477745,0.0126953125
8,3,4096,512.0,372,8,0,1.0,True,470,554,28.956864471140516,0.05655637592019632,0.023681640625
8,3,4096,512.0,382,8,0,1.0,True,478,542,18.006943105369107,0.03516981075267404,0.013671875
8,3,4096,512.0,392,8,0,1.0,True,466,555,29.6774325035034,0.05796373535840508,0.02490234375
8,3,4096,512.0,402,8,0,1.0,True,491,530,15.604486534327235,0.03047751276235788,0.013916015625
8,3,4096,512.0,412,8,0,1.0,True,471,552,23.038012067016545,0.04499611731839169,0.018310546875
8,3,4096,512.0,422,8,0,1.0,True,486,536,16.80773631397161,0.0328276099882258,0.014892578125
8,3,4096,512.0,432,8,0,1.0,True,461,559,29.116146723081336,0.056867474068518234,0.022705078125
8,3,4096,512.0,442,8,0,1.0,True,473,559,25.352514668174436,0.049516630211278195,0.01953125
8,3,4096,512.0,452,8,0,1.0,True,496,544,15.0,0.029296875,0.01171875
8,3,4096,512.0,462,8,0,1.0,True,471,533,20.77257807784099,0.04057144155828318,0.017578125
8,3,4096,512.0,472,8,0,1.0,True,489,531,13.74772708486752,0.026851029462631876,0.01171875
8,3,4096,512.0,482,8,0,1.0,True,479,557,25.802131694881336,0.05039478846656511,0.02001953125
8,3,4096,512.0,492,8,0,1.0,True,460,554,25.124689052802225,0.049071658306254345,0.017333984375
8,3,4096,512.0,502,8,0,1.0,True,475,540,18.350749303502567,0.03584130723340345,0.014404296875
8,3,4096,512.0,512,8,0,1.0,True,482,541,20.346989949375804,0.039740214744874616,0.017333984375
8,3,4096,512.0,522,8,0,1.0,True,460,574,36.35244145858707,0.07100086222380288,0.02978515625
8,3,4096,512.0,532,8,0,1.0,True,474,538,18.714967272212903,0.036552670453540825,0.014892578125
16,4,4,0.25,42,4,12,0.25,False,0,1,0.4330127018922193,1.7320508075688772,0.75
16,4,4,0.25,52,3,13,0.1875,False,0,2,0.5590169943749475,2.23606797749979,0.8125
16,4,4,0.25,62,4,12,0.25,False,0,1,0.4330127018922193,1.7320508075688772,0.75
16,4,4,0.25,72,3,13,0.1875,False,0,2,0.5590169943749475,2.23606797749979,0.8125
16,4,4,0.25,82,3,13,0.1875,False,0,2,0.5590169943749475,2.23606797749979,0.8125
16,4,4,0.25,92,4,12,0.25,False,0,1,0.4330127018922193,1.7320508075688772,0.75
16,4,4,0.25,102,3,13,0.1875,False,0,2,0.5590169943749475,2.23606797749979,0.8125
16,4,4,0.25,112,4,12,0.25,False,0,1,0.4330127018922193,1.7320508075688772,0.75
16,4,4,0.25,122,4,12,0.25,False,0,1,0.4330127018922193,1.7320508075688772,0.75
16,4,4,0.25,132,4,12,0.25,False,0,1,0.4330127018922193,1.7320508075688772,0.75
16,4,4,0.25,142,4,12,0.25,False,0,1,0.4330127018922193,1.7320508075688772,0.75
16,4,4,0.25,152,4,12,0.25,False,0,1,0.4330127018922193,1.7320508075688772,0.75
16,4,4,0.25,162,3,13,0.1875,False,0,2,0.5590169943749475,2.23606797749979,0.8125
16,4,4,0.25,172,4,12,0.25,False,0,1,0.4330127018922193,1.7320508075688772,0.75
16,4,4,0.25,182,3,13,0.1875,False,0,2,0.5590169943749475,2.23606797749979,0.8125
16,4,4,0.25,192,3,13,0.1875,False,0,2,0.5590169943749475,2.23606797749979,0.8125
16,4,4,0.25,202,4,12,0.25,False,0,1,0.4330127018922193,1.7320508075688772,0.75
16,4,4,0.25,212,3,13,0.1875,False,0,2,0.5590169943749475,2.23606797749979,0.8125
16,4,4,0.25,222,4,12,0.25,False,0,1,0.4330127018922193,1.7320508075688772,0.75
16,4,4,0.25,232,4,12,0.25,False,0,1,0.4330127018922193,1.7320508075688772,0.75
16,4,4,0.25,242,4,12,0.25,False,0,1,0.4330127018922193,1.7320508075688772,0.75
16,4,4,0.25,252,3,13,0.1875,False,0,2,0.5590169943749475,2.23606797749979,0.8125
16,4,4,0.25,262,4,12,0.25,False,0,1,0.4330127018922193,1.7320508075688772,0.75
16,4,4,0.25,272,3,13,0.1875,False,0,2,0.5590169943749475,2.23606797749979,0.8125
16,4,4,0.25,282,4,12,0.25,False,0,1,0.4330127018922193,1.7320508075688772,0.75
16,4,4,0.25,292,4,12,0.25,False,0,1,0.4330127018922193,1.7320508075688772,0.75
16,4,4,0.25,302,3,13,0.1875,False,0,2,0.5590169943749475,2.23606797749979,0.8125
16,4,4,0.25,312,2,14,0.125,False,0,2,0.6614378277661477,2.6457513110645907,0.875
16,4,4,0.25,322,3,13,0.1875,False,0,2,0.5590169943749475,2.23606797749979,0.8125
16,4,4,0.25,332,3,13,0.1875,False,0,2,0.5590169943749475,2.23606797749979,0.8125
16,4,4,0.25,342,4,12,0.25,False,0,1,0.4330127018922193,1.7320508075688772,0.75
16,4,4,0.25,352,4,12,0.25,False,0,1,0.4330127018922193,1.7320508075688772,0.75
16,4,4,0.25,362,4,12,0.25,False,0,1,0.4330127018922193,1.7320508075688772,0.75
16,4,4,0.25,372,4,12,0.25,False,0,1,0.4330127018922193,1.7320508075688772,0.75
16,4,4,0.25,382,4,12,0.25,False,0,1,0.4330127018922193,1.7320508075688772,0.75
16,4,4,0.25,392,4,12,0.25,False,0,1,0.4330127018922193,1.7320508075688772,0.75
16,4,4,0.25,402,4,12,0.25,False,0,1,0.4330127018922193,1.7320508075688772,0.75
16,4,4,0.25,412,4,12,0.25,False,0,1,0.4330127018922193,1.7320508075688772,0.75
16,4,4,0.25,422,4,12,0.25,False,0,1,0.4330127018922193,1.7320508075688772,0.75
16,4,4,0.25,432,3,13,0.1875,False,0,2,0.5590169943749475,2.23606797749979,0.8125
16,4,4,0.25,442,3,13,0.1875,False,0,2,0.5590169943749475,2.23606797749979,0.8125
16,4,4,0.25,452,4,12,0.25,False,0,1,0.4330127018922193,1.7320508075688772,0.75
16,4,4,0.25,462,4,12,0.25,False,0,1,0.4330127018922193,1.7320508075688772,0.75
16,4,4,0.25,472,4,12,0.25,False,0,1,0.4330127018922193,1.7320508075688772,0.75
16,4,4,0.25,482,4,12,0.25,False,0,1,0.4330127018922193,1.7320508075688772,0.75
16,4,4,0.25,492,4,12,0.25,False,0,1,0.4330127018922193,1.7320508075688772,0.75
16,4,4,0.25,502,4,12,0.25,False,0,1,0.4330127018922193,1.7320508075688772,0.75
16,4,4,0.25,512,4,12,0.25,False,0,1,0.4330127018922193,1.7320508075688772,0.75
16,4,4,0.25,522,3,13,0.1875,False,0,2,0.5590169943749475,2.23606797749979,0.8125
16,4,4,0.25,532,3,13,0.1875,False,0,2,0.5590169943749475,2.23606797749979,0.8125
16,4,8,0.5,42,7,9,0.4375,False,0,2,0.6123724356957945,1.224744871391589,0.5625
16,4,8,0.5,52,6,10,0.375,False,0,2,0.7071067811865476,1.4142135623730951,0.625
16,4,8,0.5,62,8,8,0.5,False,0,1,0.5,1.0,0.5
16,4,8,0.5,72,7,9,0.4375,False,0,2,0.6123724356957945,1.224744871391589,0.5625
16,4,8,0.5,82,5,11,0.3125,False,0,3,0.8660254037844386,1.7320508075688772,0.6875
16,4,8,0.5,92,7,9,0.4375,False,0,2,0.6123724356957945,1.224744871391589,0.5625
16,4,8,0.5,102,6,10,0.375,False,0,3,0.7905694150420949,1.5811388300841898,0.625
16,4,8,0.5,112,6,10,0.375,False,0,2,0.7071067811865476,1.4142135623730951,0.625
16,4,8,0.5,122,7,9,0.4375,False,0,2,0.6123724356957945,1.224744871391589,0.5625
16,4,8,0.5,132,7,9,0.4375,False,0,2,0.6123724356957945,1.224744871391589,0.5625
16,4,8,0.5,142,7,9,0.4375,False,0,2,0.6123724356957945,1.224744871391589,0.5625
16,4,8,0.5,152,7,9,0.4375,False,0,2,0.6123724356957945,1.224744871391589,0.5625
16,4,8,0.5,162,7,9,0.4375,False,0,2,0.6123724356957945,1.224744871391589,0.5625
16,4,8,0.5,172,5,11,0.3125,False,0,2,0.7905694150420949,1.5811388300841898,0.6875
16,4,8,0.5,182,7,9,0.4375,False,0,2,0.6123724356957945,1.224744871391589,0.5625
16,4,8,0.5,192,7,9,0.4375,False,0,2,0.6123724356957945,1.224744871391589,0.5625
16,4,8,0.5,202,7,9,0.4375,False,0,2,0.6123724356957945,1.224744871391589,0.5625
16,4,8,0.5,212,6,10,0.375,False,0,3,0.7905694150420949,1.5811388300841898,0.625
16,4,8,0.5,222,7,9,0.4375,False,0,2,0.6123724356957945,1.224744871391589,0.5625
16,4,8,0.5,232,7,9,0.4375,False,0,2,0.6123724356957945,1.224744871391589,0.5625
16,4,8,0.5,242,8,8,0.5,False,0,1,0.5,1.0,0.5
16,4,8,0.5,252,6,10,0.375,False,0,3,0.7905694150420949,1.5811388300841898,0.625
16,4,8,0.5,262,8,8,0.5,False,0,1,0.5,1.0,0.5
16,4,8,0.5,272,6,10,0.375,False,0,2,0.7071067811865476,1.4142135623730951,0.625
16,4,8,0.5,282,8,8,0.5,False,0,1,0.5,1.0,0.5
16,4,8,0.5,292,8,8,0.5,False,0,1,0.5,1.0,0.5
16,4,8,0.5,302,6,10,0.375,False,0,3,0.7905694150420949,1.5811388300841898,0.625
16,4,8,0.5,312,5,11,0.3125,False,0,3,0.8660254037844386,1.7320508075688772,0.6875
16,4,8,0.5,322,7,9,0.4375,False,0,2,0.6123724356957945,1.224744871391589,0.5625
16,4,8,0.5,332,6,10,0.375,False,0,3,0.7905694150420949,1.5811388300841898,0.625
16,4,8,0.5,342,8,8,0.5,False,0,1,0.5,1.0,0.5
16,4,8,0.5,352,6,10,0.375,False,0,2,0.7071067811865476,1.4142135623730951,0.625
16,4,8,0.5,362,7,9,0.4375,False,0,2,0.6123724356957945,1.224744871391589,0.5625
16,4,8,0.5,372,7,9,0.4375,False,0,2,0.6123724356957945,1.224744871391589,0.5625
16,4,8,0.5,382,6,10,0.375,False,0,2,0.7071067811865476,1.4142135623730951,0.625
16,4,8,0.5,392,6,10,0.375,False,0,2,0.7071067811865476,1.4142135623730951,0.625
16,4,8,0.5,402,8,8,0.5,False,0,1,0.5,1.0,0.5
16,4,8,0.5,412,7,9,0.4375,False,0,2,0.6123724356957945,1.224744871391589,0.5625
16,4,8,0.5,422,7,9,0.4375,False,0,2,0.6123724356957945,1.224744871391589,0.5625
16,4,8,0.5,432,7,9,0.4375,False,0,2,0.6123724356957945,1.224744871391589,0.5625
16,4,8,0.5,442,6,10,0.375,False,0,2,0.7071067811865476,1.4142135623730951,0.625
16,4,8,0.5,452,5,11,0.3125,False,0,2,0.7905694150420949,1.5811388300841898,0.6875
16,4,8,0.5,462,7,9,0.4375,False,0,2,0.6123724356957945,1.224744871391589,0.5625
16,4,8,0.5,472,6,10,0.375,False,0,2,0.7071067811865476,1.4142135623730951,0.625
16,4,8,0.5,482,8,8,0.5,False,0,1,0.5,1.0,0.5
16,4,8,0.5,492,8,8,0.5,False,0,1,0.5,1.0,0.5
16,4,8,0.5,502,5,11,0.3125,False,0,3,0.8660254037844386,1.7320508075688772,0.6875
16,4,8,0.5,512,6,10,0.375,False,0,2,0.7071067811865476,1.4142135623730951,0.625
16,4,8,0.5,522,5,11,0.3125,False,0,2,0.7905694150420949,1.5811388300841898,0.6875
16,4,8,0.5,532,6,10,0.375,False,0,2,0.7071067811865476,1.4142135623730951,0.625
16,4,16,1.0,42,11,5,0.6875,False,0,3,0.8660254037844386,0.8660254037844386,0.3125
16,4,16,1.0,52,9,7,0.5625,False,0,3,1.118033988749895,1.118033988749895,0.4375
16,4,16,1.0,62,11,5,0.6875,False,0,2,0.7905694150420949,0.7905694150420949,0.3125
16,4,16,1.0,72,10,6,0.625,False,0,3,1.0,1.0,0.375
16,4,16,1.0,82,7,9,0.4375,False,0,4,1.2747548783981961,1.2747548783981961,0.5625
16,4,16,1.0,92,10,6,0.625,False,0,2,0.8660254037844386,0.8660254037844386,0.375
16,4,16,1.0,102,10,6,0.625,False,0,4,1.0606601717798212,1.0606601717798212,0.375
16,4,16,1.0,112,9,7,0.5625,False,0,3,1.0,1.0,0.4375
16,4,16,1.0,122,10,6,0.625,False,0,2,0.8660254037844386,0.8660254037844386,0.375
16,4,16,1.0,132,9,7,0.5625,False,0,2,0.9354143466934853,0.9354143466934853,0.4375
16,4,16,1.0,142,11,5,0.6875,False,0,3,0.8660254037844386,0.8660254037844386,0.3125
16,4,16,1.0,152,11,5,0.6875,False,0,3,0.8660254037844386,0.8660254037844386,0.3125
16,4,16,1.0,162,8,8,0.5,False,0,5,1.3228756555322954,1.3228756555322954,0.5
16,4,16,1.0,172,11,5,0.6875,False,0,3,0.8660254037844386,0.8660254037844386,0.3125
16,4,16,1.0,182,9,7,0.5625,False,0,4,1.118033988749895,1.118033988749895,0.4375
16,4,16,1.0,192,10,6,0.625,False,0,3,0.9354143466934853,0.9354143466934853,0.375
16,4,16,1.0,202,11,5,0.6875,False,0,3,0.8660254037844386,0.8660254037844386,0.3125
16,4,16,1.0,212,8,8,0.5,False,0,4,1.224744871391589,1.224744871391589,0.5
16,4,16,1.0,222,12,4,0.75,False,0,2,0.7071067811865476,0.7071067811865476,0.25
16,4,16,1.0,232,13,3,0.8125,False,0,2,0.6123724356957945,0.6123724356957945,0.1875
16,4,16,1.0,242,11,5,0.6875,False,0,2,0.7905694150420949,0.7905694150420949,0.3125
16,4,16,1.0,252,10,6,0.625,False,0,5,1.224744871391589,1.224744871391589,0.375
16,4,16,1.0,262,11,5,0.6875,False,0,2,0.7905694150420949,0.7905694150420949,0.3125
16,4,16,1.0,272,12,4,0.75,False,0,3,0.8660254037844386,0.8660254037844386,0.25
16,4,16,1.0,282,11,5,0.6875,False,0,2,0.7905694150420949,0.7905694150420949,0.3125
16,4,16,1.0,292,12,4,0.75,False,0,2,0.7071067811865476,0.7071067811865476,0.25
16,4,16,1.0,302,9,7,0.5625,False,0,4,1.118033988749895,1.118033988749895,0.4375
16,4,16,1.0,312,10,6,0.625,False,0,4,1.118033988749895,1.118033988749895,0.375
16,4,16,1.0,322,10,6,0.625,False,0,3,0.9354143466934853,0.9354143466934853,0.375
16,4,16,1.0,332,10,6,0.625,False,0,5,1.224744871391589,1.224744871391589,0.375
16,4,16,1.0,342,11,5,0.6875,False,0,3,0.8660254037844386,0.8660254037844386,0.3125
16,4,16,1.0,352,10,6,0.625,False,0,3,1.0,1.0,0.375
16,4,16,1.0,362,9,7,0.5625,False,0,3,1.0606601717798212,1.0606601717798212,0.4375
16,4,16,1.0,372,10,6,0.625,False,0,3,1.0,1.0,0.375
16,4,16,1.0,382,9,7,0.5625,False,0,3,1.0606601717798212,1.0606601717798212,0.4375
16,4,16,1.0,392,9,7,0.5625,False,0,3,1.118033988749895,1.118033988749895,0.4375
16,4,16,1.0,402,10,6,0.625,False,0,2,0.8660254037844386,0.8660254037844386,0.375
16,4,16,1.0,412,11,5,0.6875,False,0,3,0.8660254037844386,0.8660254037844386,0.3125
16,4,16,1.0,422,11,5,0.6875,False,0,3,0.8660254037844386,0.8660254037844386,0.3125
16,4,16,1.0,432,10,6,0.625,False,0,3,0.9354143466934853,0.9354143466934853,0.375
16,4,16,1.0,442,8,8,0.5,False,0,4,1.224744871391589,1.224744871391589,0.5
16,4,16,1.0,452,8,8,0.5,False,0,3,1.1726039399558574,1.1726039399558574,0.5
16,4,16,1.0,462,11,5,0.6875,False,0,3,0.8660254037844386,0.8660254037844386,0.3125
16,4,16,1.0,472,10,6,0.625,False,0,3,1.0,1.0,0.375
16,4,16,1.0,482,11,5,0.6875,False,0,2,0.7905694150420949,0.7905694150420949,0.3125
16,4,16,1.0,492,12,4,0.75,False,0,2,0.7071067811865476,0.7071067811865476,0.25
16,4,16,1.0,502,10,6,0.625,False,0,3,1.0,1.0,0.375
16,4,16,1.0,512,9,7,0.5625,False,0,3,1.118033988749895,1.118033988749895,0.4375
16,4,16,1.0,522,9,7,0.5625,False,0,4,1.224744871391589,1.224744871391589,0.4375
16,4,16,1.0,532,11,5,0.6875,False,0,3,0.8660254037844386,0.8660254037844386,0.3125
16,4,32,2.0,42,14,2,0.875,False,0,5,1.3228756555322954,0.6614378277661477,0.25
16,4,32,2.0,52,13,3,0.8125,False,0,5,1.7320508075688772,0.8660254037844386,0.34375
16,4,32,2.0,62,14,2,0.875,False,0,4,1.1726039399558574,0.5863019699779287,0.25
16,4,32,2.0,72,14,2,0.875,False,0,5,1.3228756555322954,0.6614378277661477,0.25
16,4,32,2.0,82,12,4,0.75,False,0,7,1.9039432764659772,0.9519716382329886,0.40625
16,4,32,2.0,92,12,4,0.75,False,0,4,1.5811388300841898,0.7905694150420949,0.34375
16,4,32,2.0,102,13,3,0.8125,False,0,5,1.4142135623730951,0.7071067811865476,0.28125
16,4,32,2.0,112,11,5,0.6875,False,0,5,1.695582495781317,0.8477912478906585,0.375
16,4,32,2.0,122,14,2,0.875,False,0,4,1.3228756555322954,0.6614378277661477,0.28125
16,4,32,2.0,132,12,4,0.75,False,0,4,1.4577379737113252,0.7288689868556626,0.3125
16,4,32,2.0,142,14,2,0.875,False,0,5,1.3693063937629153,0.6846531968814576,0.28125
16,4,32,2.0,152,14,2,0.875,False,0,4,1.1726039399558574,0.5863019699779287,0.21875
16,4,32,2.0,162,13,3,0.8125,False,0,6,1.620185174601965,0.8100925873009825,0.34375
16,4,32,2.0,172,15,1,0.9375,False,0,4,1.0606601717798212,0.5303300858899106,0.1875
16,4,32,2.0,182,14,2,0.875,False,0,6,1.541103500742244,0.770551750371122,0.3125
16,4,32,2.0,192,14,2,0.875,False,0,5,1.3693063937629153,0.6846531968814576,0.28125
16,4,32,2.0,202,16,0,1.0,True,1,4,0.9354143466934853,0.46770717334674267,0.1875
16,4,32,2.0,212,14,2,0.875,False,0,6,1.620185174601965,0.8100925873009825,0.3125
16,4,32,2.0,222,14,2,0.875,False,0,4,1.118033988749895,0.5590169943749475,0.21875
16,4,32,2.0,232,16,0,1.0,True,1,4,0.7905694150420949,0.39528470752104744,0.125
16,4,32,2.0,242,15,1,0.9375,False,0,4,1.0606601717798212,0.5303300858899106,0.21875
16,4,32,2.0,252,13,3,0.8125,False,0,7,1.620185174601965,0.8100925873009825,0.25
16,4,32,2.0,262,14,2,0.875,False,0,4,1.118033988749895,0.5590169943749475,0.21875
16,4,32,2.0,272,16,0,1.0,True,1,5,1.2747548783981961,0.6373774391990981,0.21875
16,4,32,2.0,282,15,1,0.9375,False,0,3,1.0,0.5,0.21875
16,4,32,2.0,292,15,1,0.9375,False,0,4,1.0606601717798212,0.5303300858899106,0.21875
16,4,32,2.0,302,12,4,0.75,False,0,7,1.8027756377319946,0.9013878188659973,0.34375
16,4,32,2.0,312,13,3,0.8125,False,0,7,1.8027756377319946,0.9013878188659973,0.3125
16,4,32,2.0,322,16,0,1.0,True,1,5,1.1726039399558574,0.5863019699779287,0.21875
16,4,32,2.0,332,15,1,0.9375,False,0,7,1.541103500742244,0.770551750371122,0.25
16,4,32,2.0,342,15,1,0.9375,False,0,4,1.118033988749895,0.5590169943749475,0.21875
16,4,32,2.0,352,15,1,0.9375,False,0,4,1.1726039399558574,0.5863019699779287,0.25
16,4,32,2.0,362,15,1,0.9375,False,0,4,1.224744871391589,0.6123724356957945,0.25
16,4,32,2.0,372,12,4,0.75,False,0,5,1.620185174601965,0.8100925873009825,0.34375
16,4,32,2.0,382,15,1,0.9375,False,0,4,1.224744871391589,0.6123724356957945,0.25
16,4,32,2.0,392,15,1,0.9375,False,0,5,1.3693063937629153,0.6846531968814576,0.28125
16,4,32,2.0,402,15,1,0.9375,False,0,4,1.2747548783981961,0.6373774391990981,0.28125
16,4,32,2.0,412,14,2,0.875,False,0,4,1.1726039399558574,0.5863019699779287,0.25
16,4,32,2.0,422,15,1,0.9375,False,0,4,1.1726039399558574,0.5863019699779287,0.25
16,4,32,2.0,432,14,2,0.875,False,0,5,1.3228756555322954,0.6614378277661477,0.25
16,4,32,2.0,442,12,4,0.75,False,0,5,1.6583123951777,0.82915619758885,0.34375
16,4,32,2.0,452,14,2,0.875,False,0,5,1.4577379737113252,0.7288689868556626,0.3125
16,4,32,2.0,462,13,3,0.8125,False,0,5,1.4142135623730951,0.7071067811865476,0.28125
16,4,32,2.0,472,13,3,0.8125,False,0,5,1.3693063937629153,0.6846531968814576,0.25
16,4,32,2.0,482,15,1,0.9375,False,0,3,1.0,0.5,0.21875
16,4,32,2.0,492,14,2,0.875,False,0,4,1.0606601717798212,0.5303300858899106,0.1875
16,4,32,2.0,502,15,1,0.9375,False,0,5,1.224744871391589,0.6123724356957945,0.21875
16,4,32,2.0,512,14,2,0.875,False,0,5,1.541103500742244,0.770551750371122,0.3125
16,4,32,2.0,522,13,3,0.8125,False,0,6,1.8371173070873836,0.9185586535436918,0.375
16,4,32,2.0,532,13,3,0.8125,False,0,4,1.3228756555322954,0.6614378277661477,0.25
16,4,64,4.0,42,16,0,1.0,True,1,8,1.8371173070873836,0.4592793267718459,0.1875
16,4,64,4.0,52,15,1,0.9375,False,0,9,2.57390753524675,0.6434768838116876,0.25
16,4,64,4.0,62,15,1,0.9375,False,0,7,1.7677669529663689,0.4419417382415922,0.1875
16,4,64,4.0,72,15,1,0.9375,False,0,9,2.1505813167606567,0.5376453291901642,0.203125
16,4,64,4.0,82,16,0,1.0,True,1,10,2.57390753524675,0.6434768838116876,0.28125
16,4,64,4.0,92,15,1,0.9375,False,0,7,2.4748737341529163,0.6187184335382291,0.265625
16,4,64,4.0,102,16,0,1.0,True,1,9,1.9364916731037085,0.4841229182759271,0.1875
16,4,64,4.0,112,14,2,0.875,False,0,8,2.4238399287081647,0.6059599821770412,0.265625
16,4,64,4.0,122,16,0,1.0,True,1,7,2.0,0.5,0.21875
16,4,64,4.0,132,15,1,0.9375,False,0,7,2.1213203435596424,0.5303300858899106,0.21875
16,4,64,4.0,142,16,0,1.0,True,1,8,1.8027756377319946,0.45069390943299864,0.1875
16,4,64,4.0,152,16,0,1.0,True,1,7,1.8027756377319946,0.45069390943299864,0.1875
16,4,64,4.0,162,15,1,0.9375,False,0,9,2.2638462845343543,0.5659615711335886,0.234375
16,4,64,4.0,172,16,0,1.0,True,1,7,1.5811388300841898,0.39528470752104744,0.140625
16,4,64,4.0,182,16,0,1.0,True,1,8,1.9039432764659772,0.4759858191164943,0.203125
16,4,64,4.0,192,15,1,0.9375,False,0,8,1.9364916731037085,0.4841229182759271,0.203125
16,4,64,4.0,202,16,0,1.0,True,2,7,1.3693063937629153,0.3423265984407288,0.140625
16,4,64,4.0,212,16,0,1.0,True,1,10,2.345207879911715,0.5863019699779287,0.21875
16,4,64,4.0,222,16,0,1.0,True,1,6,1.541103500742244,0.385275875185561,0.15625
16,4,64,4.0,232,16,0,1.0,True,3,7,1.0606601717798212,0.2651650429449553,0.09375
16,4,64,4.0,242,16,0,1.0,True,2,6,1.3693063937629153,0.3423265984407288,0.15625
16,4,64,4.0,252,16,0,1.0,True,1,11,2.3717082451262845,0.5929270612815711,0.203125
16,4,64,4.0,262,16,0,1.0,True,1,6,1.620185174601965,0.4050462936504913,0.15625
16,4,64,4.0,272,16,0,1.0,True,1,8,1.620185174601965,0.4050462936504913,0.140625
16,4,64,4.0,282,16,0,1.0,True,2,6,1.5,0.375,0.15625
16,4,64,4.0,292,16,0,1.0,True,2,6,1.4142135623730951,0.3535533905932738,0.15625
16,4,64,4.0,302,16,0,1.0,True,1,10,2.4748737341529163,0.6187184335382291,0.25
16,4,64,4.0,312,16,0,1.0,True,1,11,2.4238399287081647,0.6059599821770412,0.203125
16,4,64,4.0,322,16,0,1.0,True,2,8,1.541103500742244,0.385275875185561,0.15625
16,4,64,4.0,332,16,0,1.0,True,1,11,2.1505813167606567,0.5376453291901642,0.171875
16,4,64,4.0,342,16,0,1.0,True,1,7,1.5811388300841898,0.39528470752104744,0.15625
16,4,64,4.0,352,16,0,1.0,True,1,7,1.541103500742244,0.385275875185561,0.15625
16,4,64,4.0,362,16,0,1.0,True,2,7,1.5811388300841898,0.39528470752104744,0.15625
16,4,64,4.0,372,16,0,1.0,True,1,8,2.207940216581962,0.5519850541454905,0.234375
16,4,64,4.0,382,16,0,1.0,True,1,7,1.8371173070873836,0.4592793267718459,0.1875
16,4,64,4.0,392,16,0,1.0,True,2,7,1.8027756377319946,0.45069390943299864,0.1875
16,4,64,4.0,402,16,0,1.0,True,1,6,1.6583123951777,0.414578098794425,0.1875
16,4,64,4.0,412,16,0,1.0,True,1,7,1.541103500742244,0.385275875185561,0.15625
16,4,64,4.0,422,16,0,1.0,True,2,7,1.7677669529663689,0.4419417382415922,0.1875
16,4,64,4.0,432,16,0,1.0,True,1,8,1.7677669529663689,0.4419417382415922,0.171875
16,4,64,4.0,442,16,0,1.0,True,1,9,2.207940216581962,0.5519850541454905,0.234375
16,4,64,4.0,452,16,0,1.0,True,1,8,2.23606797749979,0.5590169943749475,0.234375
16,4,64,4.0,462,16,0,1.0,True,1,8,1.9039432764659772,0.4759858191164943,0.203125
16,4,64,4.0,472,16,0,1.0,True,1,9,2.1213203435596424,0.5303300858899106,0.203125
16,4,64,4.0,482,16,0,1.0,True,1,6,1.5,0.375,0.15625
16,4,64,4.0,492,16,0,1.0,True,1,6,1.4577379737113252,0.3644344934278313,0.140625
16,4,64,4.0,502,16,0,1.0,True,1,7,1.6583123951777,0.414578098794425,0.15625
16,4,64,4.0,512,16,0,1.0,True,1,8,2.0615528128088303,0.5153882032022076,0.21875
16,4,64,4.0,522,15,1,0.9375,False,0,9,2.7613402542968153,0.6903350635742038,0.28125
16,4,64,4.0,532,16,0,1.0,True,1,7,1.8371173070873836,0.4592793267718459,0.171875
16,4,128,8.0,42,16,0,1.0,True,4,14,2.6457513110645907,0.33071891388307384,0.1328125
16,4,128,8.0,52,16,0,1.0,True,2,15,3.640054944640259,0.4550068680800324,0.1796875
16,4,128,8.0,62,16,0,1.0,True,2,12,2.5,0.3125,0.1328125
16,4,128,8.0,72,16,0,1.0,True,2,14,2.8939592256975564,0.36174490321219455,0.1328125
16,4,128,8.0,82,16,0,1.0,True,3,17,3.724916106437835,0.46561451330472936,0.203125
16,4,128,8.0,92,16,0,1.0,True,2,12,3.3541019662496847,0.4192627457812106,0.1875
16,4,128,8.0,102,16,0,1.0,True,4,15,2.9154759474226504,0.3644344934278313,0.1484375
16,4,128,8.0,112,16,0,1.0,True,3,14,3.3166247903554,0.414578098794425,0.1796875
16,4,128,8.0,122,16,0,1.0,True,3,12,2.8722813232690143,0.3590351654086268,0.15625
16,4,128,8.0,132,16,0,1.0,True,2,12,3.29772648956823,0.41221581119602874,0.1796875
16,4,128,8.0,142,16,0,1.0,True,3,14,2.622022120425379,0.32775276505317236,0.1328125
16,4,128,8.0,152,16,0,1.0,True,4,12,2.2638462845343543,0.2829807855667943,0.1171875
16,4,128,8.0,162,16,0,1.0,True,2,16,3.391164991562634,0.42389562394532926,0.171875
16,4,128,8.0,172,16,0,1.0,True,3,12,2.3979157616563596,0.29973947020704494,0.109375
16,4,128,8.0,182,16,0,1.0,True,3,14,2.8284271247461903,0.3535533905932738,0.1484375
16,4,128,8.0,192,16,0,1.0,True,2,14,2.850438562747845,0.3563048203434806,0.1484375
16,4,128,8.0,202,16,0,1.0,True,6,12,1.7677669529663689,0.2209708691207961,0.0859375
16,4,128,8.0,212,16,0,1.0,True,4,16,3.278719262151,0.409839907768875,0.1640625
16,4,128,8.0,222,16,0,1.0,True,4,11,2.091650066335189,0.2614562582918986,0.1015625
16,4,128,8.0,232,16,0,1.0,True,6,12,1.541103500742244,0.1926379375927805,0.0703125
16,4,128,8.0,242,16,0,1.0,True,4,11,2.1213203435596424,0.2651650429449553,0.1171875
16,4,128,8.0,252,16,0,1.0,True,4,17,3.1024184114977142,0.3878023014372143,0.1328125
16,4,128,8.0,262,16,0,1.0,True,3,11,2.3979157616563596,0.29973947020704494,0.1171875
16,4,128,8.0,272,16,0,1.0,True,4,14,2.3979157616563596,0.29973947020704494,0.1015625
16,4,128,8.0,282,16,0,1.0,True,5,11,2.2638462845343543,0.2829807855667943,0.125
16,4,128,8.0,292,16,0,1.0,True,5,11,1.7320508075688772,0.21650635094610965,0.09375
16,4,128,8.0,302,16,0,1.0,True,3,17,3.553167600887974,0.4441459501109967,0.1796875
16,4,128,8.0,312,16,0,1.0,True,3,17,3.5355339059327378,0.4419417382415922,0.15625
16,4,128,8.0,322,16,0,1.0,True,6,13,2.0615528128088303,0.2576941016011038,0.109375
16,4,128,8.0,332,16,0,1.0,True,4,18,3.142451272494134,0.3928064090617667,0.1328125
16,4,128,8.0,342,16,0,1.0,True,3,12,2.4238399287081647,0.3029799910885206,0.125
16,4,128,8.0,352,16,0,1.0,True,3,12,2.449489742783178,0.30618621784789724,0.125
16,4,128,8.0,362,16,0,1.0,True,5,12,2.207940216581962,0.27599252707274524,0.1171875
16,4,128,8.0,372,16,0,1.0,True,4,13,3.122498999199199,0.3903123748998999,0.1640625
16,4,128,8.0,382,16,0,1.0,True,3,12,2.6457513110645907,0.33071891388307384,0.1328125
16,4,128,8.0,392,16,0,1.0,True,5,13,2.57390753524675,0.3217384419058438,0.140625
16,4,128,8.0,402,16,0,1.0,True,3,11,2.29128784747792,0.28641098093474,0.125
16,4,128,8.0,412,16,0,1.0,True,3,13,2.4238399287081647,0.3029799910885206,0.125
16,4,128,8.0,422,16,0,1.0,True,5,12,2.5248762345905194,0.3156095293238149,0.140625
16,4,128,8.0,432,16,0,1.0,True,4,13,2.57390753524675,0.3217384419058438,0.1328125
16,4,128,8.0,442,16,0,1.0,True,4,14,2.979093821953246,0.37238672774415577,0.1640625
16,4,128,8.0,452,16,0,1.0,True,3,13,3.142451272494134,0.3928064090617667,0.1640625
16,4,128,8.0,462,16,0,1.0,True,4,14,2.7613402542968153,0.3451675317871019,0.1484375
16,4,128,8.0,472,16,0,1.0,True,3,15,2.9368350311176825,0.3671043788897103,0.1328125
16,4,128,8.0,482,16,0,1.0,True,3,11,2.2638462845343543,0.2829807855667943,0.125
16,4,128,8.0,492,16,0,1.0,True,4,11,2.03100960115899,0.2538762001448738,0.1015625
16,4,128,8.0,502,16,0,1.0,True,4,13,2.5,0.3125,0.1171875
16,4,128,8.0,512,16,0,1.0,True,3,13,2.958039891549808,0.369754986443726,0.15625
16,4,128,8.0,522,16,0,1.0,True,3,15,3.640054944640259,0.4550068680800324,0.1796875
16,4,128,8.0,532,16,0,1.0,True,3,12,2.57390753524675,0.3217384419058438,0.125
16,4,256,16.0,42,16,0,1.0,True,10,24,3.6742346141747673,0.22963966338592295,0.09375
16,4,256,16.0,52,16,0,1.0,True,7,25,5.232112384114087,0.32700702400713044,0.12890625
16,4,256,16.0,62,16,0,1.0,True,7,21,3.588175023601831,0.22426093897511443,0.09375
16,4,256,16.0,72,16,0,1.0,True,7,25,4.242640687119285,0.2651650429449553,0.1015625
16,4,256,16.0,82,16,0,1.0,True,9,28,5.232112384114087,0.32700702400713044,0.14453125
16,4,256,16.0,92,16,0,1.0,True,7,22,4.677071733467427,0.2923169833417142,0.125
16,4,256,16.0,102,16,0,1.0,True,10,25,3.856812155135378,0.24105075969596113,0.09765625
16,4,256,16.0,112,16,0,1.0,True,8,24,4.808846015417836,0.30055287596361474,0.1328125
16,4,256,16.0,122,16,0,1.0,True,9,21,3.872983346207417,0.24206145913796356,0.10546875
16,4,256,16.0,132,16,0,1.0,True,8,22,4.7302219821061255,0.29563887388163285,0.12890625
16,4,256,16.0,142,16,0,1.0,True,9,24,3.7416573867739413,0.23385358667337133,0.09765625
16,4,256,16.0,152,16,0,1.0,True,10,22,3.3726843908080104,0.21079277442550065,0.0859375
16,4,256,16.0,162,16,0,1.0,True,7,26,4.596194077712559,0.2872621298570349,0.12109375
16,4,256,16.0,172,16,0,1.0,True,8,22,3.517811819867572,0.21986323874172325,0.08203125
16,4,256,16.0,182,16,0,1.0,True,9,24,3.840572873934304,0.240035804620894,0.1015625
16,4,256,16.0,192,16,0,1.0,True,8,24,3.872983346207417,0.24206145913796356,0.1015625
16,4,256,16.0,202,16,0,1.0,True,13,21,2.5495097567963922,0.15934435979977452,0.06640625
16,4,256,16.0,212,16,0,1.0,True,10,27,4.430011286667337,0.2768757054167086,0.109375
16,4,256,16.0,222,16,0,1.0,True,10,20,2.979093821953246,0.18619336387207788,0.07421875
16,4,256,16.0,232,16,0,1.0,True,13,21,2.0615528128088303,0.1288470508005519,0.05078125
16,4,256,16.0,242,16,0,1.0,True,11,21,2.850438562747845,0.1781524101717403,0.078125
16,4,256,16.0,252,16,0,1.0,True,10,29,4.430011286667337,0.2768757054167086,0.09375
16,4,256,16.0,262,16,0,1.0,True,9,20,3.409545424246464,0.213096589015404,0.08203125
16,4,256,16.0,272,16,0,1.0,True,11,24,3.29772648956823,0.20610790559801437,0.07421875
16,4,256,16.0,282,16,0,1.0,True,11,20,3.1024184114977142,0.19390115071860714,0.0859375
16,4,256,16.0,292,16,0,1.0,True,12,20,2.5248762345905194,0.15780476466190746,0.0703125
16,4,256,16.0,302,16,0,1.0,True,9,28,5.086747487343951,0.31792171795899693,0.12890625
16,4,256,16.0,312,16,0,1.0,True,8,28,4.937104414532874,0.30856902590830465,0.11328125
16,4,256,16.0,322,16,0,1.0,True,12,23,2.8722813232690143,0.1795175827043134,0.07421875
16,4,256,16.0,332,16,0,1.0,True,11,29,4.107919181288746,0.2567449488305466,0.08984375
16,4,256,16.0,342,16,0,1.0,True,9,21,3.278719262151,0.2049199538844375,0.08203125
16,4,256,16.0,352,16,0,1.0,True,9,22,3.3726843908080104,0.21079277442550065,0.0859375
16,4,256,16.0,362,16,0,1.0,True,11,22,3.2210246816812815,0.2013140426050801,0.0859375
16,4,256,16.0,372,16,0,1.0,True,9,24,4.677071733467427,0.2923169833417142,0.12109375
16,4,256,16.0,382,16,0,1.0,True,9,22,3.824264635194589,0.2390165396996618,0.09765625
16,4,256,16.0,392,16,0,1.0,True,11,23,3.7416573867739413,0.23385358667337133,0.1015625
16,4,256,16.0,402,16,0,1.0,True,9,21,3.4460121880225554,0.2153757617514097,0.09375
16,4,256,16.0,412,16,0,1.0,True,9,23,3.553167600887974,0.22207297505549836,0.09375
16,4,256,16.0,422,16,0,1.0,True,12,22,3.409545424246464,0.213096589015404,0.09375
16,4,256,16.0,432,16,0,1.0,True,10,23,3.570714214271425,0.22316963839196408,0.09375
16,4,256,16.0,442,16,0,1.0,True,11,25,4.358898943540674,0.2724311839712921,0.1171875
16,4,256,16.0,452,16,0,1.0,True,9,23,4.301162633521313,0.2688226645950821,0.11328125
16,4,256,16.0,462,16,0,1.0,True,11,24,4.0,0.25,0.109375
16,4,256,16.0,472,16,0,1.0,True,9,26,4.257346591481601,0.26608416196760004,0.09765625
16,4,256,16.0,482,16,0,1.0,True,9,20,3.3354160160315836,0.20846350100197397,0.08984375
16,4,256,16.0,492,16,0,1.0,True,10,20,2.958039891549808,0.184877493221863,0.07421875
16,4,256,16.0,502,16,0,1.0,True,11,23,3.3354160160315836,0.20846350100197397,0.08203125
16,4,256,16.0,512,16,0,1.0,True,9,23,4.242640687119285,0.2651650429449553,0.11328125
16,4,256,16.0,522,16,0,1.0,True,8,26,5.303300858899107,0.33145630368119416,0.13671875
16,4,256,16.0,532,16,0,1.0,True,9,22,3.840572873934304,0.240035804620894,0.09375
16,4,512,32.0,42,16,0,1.0,True,23,40,5.361902647381804,0.16755945773068137,0.0703125
16,4,512,32.0,52,16,0,1.0,True,26,43,4.344536799245692,0.13576677497642786,0.05078125
16,4,512,32.0,62,16,0,1.0,True,20,48,6.4031242374328485,0.20009763241977652,0.0703125
16,4,512,32.0,72,16,0,1.0,True,21,43,5.766281297335398,0.1801962905417312,0.072265625
16,4,512,32.0,82,16,0,1.0,True,20,39,4.373213921133975,0.13666293503543672,0.048828125
16,4,512,32.0,92,16,0,1.0,True,21,40,5.373546315051169,0.16792332234534904,0.06640625
16,4,512,32.0,102,16,0,1.0,True,20,45,6.90108687092113,0.21565896471628532,0.0859375
16,4,512,32.0,112,16,0,1.0,True,25,42,4.756574397610112,0.148642949925316,0.060546875
16,4,512,32.0,122,16,0,1.0,True,22,40,4.937104414532874,0.15428451295415233,0.05859375
16,4,512,32.0,132,16,0,1.0,True,21,41,6.144102863722254,0.19200321449132043,0.083984375
16,4,512,32.0,142,16,0,1.0,True,24,39,4.769696007084728,0.14905300022139775,0.064453125
16,4,512,32.0,152,16,0,1.0,True,20,44,5.968668193156661,0.18652088103614567,0.076171875
16,4,512,32.0,162,16,0,1.0,True,26,40,4.47213595499958,0.13975424859373686,0.060546875
16,4,512,32.0,172,16,0,1.0,True,24,42,5.722761571129799,0.1788362990978062,0.078125
16,4,512,32.0,182,16,0,1.0,True,20,43,4.949747468305833,0.15467960838455727,0.0546875
16,4,512,32.0,192,16,0,1.0,True,18,41,6.234981956669963,0.19484318614593635,0.07421875
16,4,512,32.0,202,16,0,1.0,True,22,41,5.1599418601375735,0.16124818312929917,0.0625
16,4,512,32.0,212,16,0,1.0,True,24,38,4.513867521316947,0.1410583600411546,0.060546875
16,4,512,32.0,222,16,0,1.0,True,21,41,5.88430114796991,0.18388441087405968,0.080078125
16,4,512,32.0,232,16,0,1.0,True,21,40,5.3967582862307255,0.16864869644471017,0.064453125
16,4,512,32.0,242,16,0,1.0,True,25,41,4.623310502226732,0.14447845319458538,0.060546875
16,4,512,32.0,252,16,0,1.0,True,22,42,5.88430114796991,0.18388441087405968,0.07421875
16,4,512,32.0,262,16,0,1.0,True,20,52,7.960841664045329,0.24877630200141654,0.1015625
16,4,512,32.0,272,16,0,1.0,True,25,40,4.344536799245692,0.13576677497642786,0.056640625
16,4,512,32.0,282,16,0,1.0,True,17,47,6.48074069840786,0.20252314682524564,0.072265625
16,4,512,32.0,292,16,0,1.0,True,16,42,6.164414002968976,0.1926379375927805,0.0703125
16,4,512,32.0,302,16,0,1.0,True,22,41,5.4198708471697,0.16937096397405313,0.0703125
16,4,512,32.0,312,16,0,1.0,True,20,40,5.0990195135927845,0.15934435979977452,0.064453125
16,4,512,32.0,322,16,0,1.0,True,22,44,5.722761571129799,0.1788362990978062,0.06640625
16,4,512,32.0,332,16,0,1.0,True,23,40,4.924428900898052,0.15388840315306412,0.0625
16,4,512,32.0,342,16,0,1.0,True,23,54,6.919176251549024,0.216224257860907,0.0703125
16,4,512,32.0,352,16,0,1.0,True,22,46,6.020797289396148,0.18814991529362962,0.0703125
16,4,512,32.0,362,16,0,1.0,True,24,44,4.387482193696061,0.13710881855300192,0.046875
16,4,512,32.0,372,16,0,1.0,True,24,46,5.623610939600996,0.17573784186253114,0.072265625
16,4,512,32.0,382,16,0,1.0,True,23,45,5.979130371550699,0.18684782411095935,0.072265625
16,4,512,32.0,392,16,0,1.0,True,20,46,6.773108592072033,0.21165964350225103,0.087890625
16,4,512,32.0,402,16,0,1.0,True,23,41,5.18411033833193,0.1620034480728728,0.072265625
16,4,512,32.0,412,16,0,1.0,True,22,38,4.077376607575022,0.12741801898671945,0.05078125
16,4,512,32.0,422,16,0,1.0,True,23,43,5.2796780204857185,0.1649899381401787,0.06640625
16,4,512,32.0,432,16,0,1.0,True,24,39,4.301162633521313,0.13441133229754104,0.0546875
16,4,512,32.0,442,16,0,1.0,True,21,44,6.519202405202649,0.20372507516258279,0.0859375
16,4,512,32.0,452,16,0,1.0,True,22,44,5.678908345800274,0.17746588580625855,0.068359375
16,4,512,32.0,462,16,0,1.0,True,23,49,5.979130371550699,0.18684782411095935,0.068359375
16,4,512,32.0,472,16,0,1.0,True,24,40,4.568916720624267,0.14277864751950833,0.060546875
16,4,512,32.0,482,16,0,1.0,True,18,41,6.304760106459246,0.19702375332685143,0.0859375
16,4,512,32.0,492,16,0,1.0,True,23,47,6.103277807866851,0.1907274314958391,0.078125
16,4,512,32.0,502,16,0,1.0,True,22,49,7.079901129253148,0.22124691028916088,0.087890625
16,4,512,32.0,512,16,0,1.0,True,23,43,5.777110004145672,0.18053468762955224,0.076171875
16,4,512,32.0,522,16,0,1.0,True,21,40,6.123724356957945,0.19136638615493579,0.083984375
16,4,512,32.0,532,16,0,1.0,True,23,46,6.604922406811453,0.2064038252128579,0.087890625
16,4,1024,64.0,42,16,0,1.0,True,49,77,8.916277250063503,0.13931683203224224,0.0595703125
16,4,1024,64.0,52,16,0,1.0,True,52,74,6.614378277661476,0.10334966058846057,0.044921875
16,4,1024,64.0,62,16,0,1.0,True,49,79,8.54400374531753,0.1335000585205864,0.05859375
16,4,1024,64.0,72,16,0,1.0,True,55,75,6.031169040907409,0.09423701626417827,0.04296875
16,4,1024,64.0,82,16,0,1.0,True,41,75,8.426149773176359,0.1316585902058806,0.048828125
16,4,1024,64.0,92,16,0,1.0,True,52,88,9.460443964212251,0.14781943694081642,0.0595703125
16,4,1024,64.0,102,16,0,1.0,True,48,77,6.726812023536855,0.10510643786776336,0.0390625
16,4,1024,64.0,112,16,0,1.0,True,54,78,7.322909257938405,0.11442045715528758,0.05078125
16,4,1024,64.0,122,16,0,1.0,True,54,76,7.22841614740048,0.1129440023031325,0.05078125
16,4,1024,64.0,132,16,0,1.0,True,52,77,7.729812416870153,0.12077831901359615,0.0537109375
16,4,1024,64.0,142,16,0,1.0,True,45,77,8.306623862918075,0.12979099785809492,0.05078125
16,4,1024,64.0,152,16,0,1.0,True,50,79,8.595056718835542,0.13429776123180534,0.0537109375
16,4,1024,64.0,162,16,0,1.0,True,49,85,8.177713616898062,0.12777677526403222,0.0478515625
16,4,1024,64.0,172,16,0,1.0,True,51,78,7.607562027351469,0.11886815667736671,0.0546875
16,4,1024,64.0,182,16,0,1.0,True,53,89,9.617692030835672,0.15027643798180737,0.0625
16,4,1024,64.0,192,16,0,1.0,True,52,79,6.90108687092113,0.10782948235814266,0.0419921875
16,4,1024,64.0,202,16,0,1.0,True,54,81,7.1501748230375455,0.11172148160996165,0.04296875
16,4,1024,64.0,212,16,0,1.0,True,56,72,4.69041575982343,0.07328774624724109,0.0322265625
16,4,1024,64.0,222,16,0,1.0,True,53,76,6.304760106459246,0.09851187666342572,0.0400390625
16,4,1024,64.0,232,16,0,1.0,True,53,73,5.533985905294664,0.08646852977022912,0.0380859375
16,4,1024,64.0,242,16,0,1.0,True,42,79,9.943590900675671,0.15536860782305736,0.0615234375
16,4,1024,64.0,252,16,0,1.0,True,53,80,7.842193570679061,0.12253427454186033,0.052734375
16,4,1024,64.0,262,16,0,1.0,True,50,81,9.020809276334358,0.14095014494272434,0.0576171875
16,4,1024,64.0,272,16,0,1.0,True,51,74,6.585969936159746,0.10290578025249603,0.04296875
16,4,1024,64.0,282,16,0,1.0,True,51,80,7.297259759663212,0.11401968374473768,0.0458984375
16,4,1024,64.0,292,16,0,1.0,True,56,79,5.612486080160912,0.08769509500251425,0.03125
16,4,1024,64.0,302,16,0,1.0,True,49,84,9.53283798246881,0.14895059347607514,0.0625
16,4,1024,64.0,312,16,0,1.0,True,47,79,8.261355820929152,0.129083684702018,0.0537109375
16,4,1024,64.0,322,16,0,1.0,True,49,84,8.48528137423857,0.13258252147247765,0.05078125
16,4,1024,64.0,332,16,0,1.0,True,47,74,6.461423991660043,0.10095974986968817,0.0390625
16,4,1024,64.0,342,16,0,1.0,True,55,70,4.7302219821061255,0.07390971847040821,0.033203125
16,4,1024,64.0,352,16,0,1.0,True,48,81,7.8182478855559445,0.12216012321181163,0.0439453125
16,4,1024,64.0,362,16,0,1.0,True,51,73,6.5383484153110105,0.10216169398923454,0.04296875
16,4,1024,64.0,372,16,0,1.0,True,51,77,7.541551564499178,0.11783674319529966,0.0458984375
16,4,1024,64.0,382,16,0,1.0,True,53,76,7.390872749547241,0.11548238671167564,0.048828125
16,4,1024,64.0,392,16,0,1.0,True,52,78,7.897784499465657,0.12340288280415089,0.052734375
16,4,1024,64.0,402,16,0,1.0,True,55,78,5.989574275355469,0.09358709805242921,0.0390625
16,4,1024,64.0,412,16,0,1.0,True,55,70,4.168333000133266,0.06513020312708229,0.0263671875
16,4,1024,64.0,422,16,0,1.0,True,52,73,5.744562646538029,0.0897587913521567,0.0361328125
16,4,1024,64.0,432,16,0,1.0,True,48,85,9.880536422684752,0.15438338160444925,0.0546875
16,4,1024,64.0,442,16,0,1.0,True,51,78,7.754031209635412,0.1211567376505533,0.0498046875
16,4,1024,64.0,452,16,0,1.0,True,46,84,9.280355596635292,0.14500555619742644,0.0556640625
16,4,1024,64.0,462,16,0,1.0,True,48,79,8.32165848854662,0.13002591388354093,0.052734375
16,4,1024,64.0,472,16,0,1.0,True,48,79,8.5,0.1328125,0.056640625
16,4,1024,64.0,482,16,0,1.0,True,52,77,6.519202405202649,0.10186253758129139,0.0390625
16,4,1024,64.0,492,16,0,1.0,True,48,84,9.867877177995275,0.15418558090617618,0.0654296875
16,4,1024,64.0,502,16,0,1.0,True,45,82,10.476163419878482,0.16369005343560128,0.0673828125
16,4,1024,64.0,512,16,0,1.0,True,48,83,8.831760866327848,0.13799626353637262,0.0537109375
16,4,1024,64.0,522,16,0,1.0,True,51,79,8.100925873009825,0.1265769667657785,0.0546875
16,4,1024,64.0,532,16,0,1.0,True,52,80,8.580501150865256,0.13407033048226963,0.060546875
16,4,2048,128.0,42,16,0,1.0,True,111,146,10.902981243678262,0.08517954096623642,0.03564453125
16,4,2048,128.0,52,16,0,1.0,True,107,146,10.665364503850771,0.08332316018633415,0.03173828125
16,4,2048,128.0,62,16,0,1.0,True,110,142,10.191908555319754,0.07962428558843558,0.03466796875
16,4,2048,128.0,72,16,0,1.0,True,101,161,13.6106575888162,0.10633326241262656,0.04248046875
16,4,2048,128.0,82,16,0,1.0,True,109,161,12.509996003196804,0.09773434377497503,0.03759765625
16,4,2048,128.0,92,16,0,1.0,True,111,140,8.860022573334675,0.06921892635417715,0.0283203125
16,4,2048,128.0,102,16,0,1.0,True,99,147,12.850097275896397,0.1003913849679406,0.041015625
16,4,2048,128.0,112,16,0,1.0,True,113,151,11.42912945066246,0.08929007383330047,0.03759765625
16,4,2048,128.0,122,16,0,1.0,True,105,144,10.410331406828506,0.0813307141158477,0.0341796875
16,4,2048,128.0,132,16,0,1.0,True,106,155,13.009611831257688,0.10163759243170069,0.0419921875
16,4,2048,128.0,142,16,0,1.0,True,112,141,7.866066361276137,0.06145364344746982,0.0234375
16,4,2048,128.0,152,16,0,1.0,True,103,149,10.464224768228174,0.08175175600178261,0.03076171875
16,4,2048,128.0,162,16,0,1.0,True,115,157,10.688779163215974,0.0835060872126248,0.033203125
16,4,2048,128.0,172,16,0,1.0,True,110,151,10.553435459602717,0.08244871452814623,0.0341796875
16,4,2048,128.0,182,16,0,1.0,True,105,150,11.911129249571596,0.0930556972622781,0.0400390625
16,4,2048,128.0,192,16,0,1.0,True,110,150,10.307764064044152,0.08052940675034494,0.0322265625
16,4,2048,128.0,202,16,0,1.0,True,115,139,7.115124735378854,0.055586911995147294,0.02392578125
16,4,2048,128.0,212,16,0,1.0,True,117,142,6.244997998398398,0.04878904686248749,0.0185546875
16,4,2048,128.0,222,16,0,1.0,True,109,152,11.357816691600547,0.08873294290312927,0.03662109375
16,4,2048,128.0,232,16,0,1.0,True,109,142,9.027735042633894,0.0705291800205773,0.03076171875
16,4,2048,128.0,242,16,0,1.0,True,110,149,11.6081867662439,0.09068895911128047,0.0400390625
16,4,2048,128.0,252,16,0,1.0,True,111,145,8.418729120241368,0.06577132125188569,0.02587890625
16,4,2048,128.0,262,16,0,1.0,True,103,147,11.505433499003852,0.08988619921096759,0.03271484375
16,4,2048,128.0,272,16,0,1.0,True,112,146,8.739279146474267,0.06827561833183021,0.0283203125
16,4,2048,128.0,282,16,0,1.0,True,114,144,9.013878188659973,0.07042092334890604,0.03125
16,4,2048,128.0,292,16,0,1.0,True,108,149,8.674675786448736,0.06777090458163075,0.02392578125
16,4,2048,128.0,302,16,0,1.0,True,106,152,11.958260743101398,0.09342391205547967,0.03857421875
16,4,2048,128.0,312,16,0,1.0,True,109,146,11.0,0.0859375,0.03759765625
16,4,2048,128.0,322,16,0,1.0,True,108,144,8.965210538520553,0.07004070733219182,0.02783203125
16,4,2048,128.0,332,16,0,1.0,True,114,139,7.132671308843553,0.055723994600340256,0.021484375
16,4,2048,128.0,342,16,0,1.0,True,111,147,9.772410142846033,0.07634695424098463,0.03125
16,4,2048,128.0,352,16,0,1.0,True,101,143,9.81707695803593,0.0766959137346557,0.02978515625
16,4,2048,128.0,362,16,0,1.0,True,111,144,8.902246907382429,0.06954880396392522,0.02783203125
16,4,2048,128.0,372,16,0,1.0,True,111,149,9.81707695803593,0.0766959137346557,0.03173828125
16,4,2048,128.0,382,16,0,1.0,True,103,150,12.951833846988619,0.10118620192959858,0.04052734375
16,4,2048,128.0,392,16,0,1.0,True,99,147,12.599603168354152,0.09843439975276681,0.04052734375
16,4,2048,128.0,402,16,0,1.0,True,111,150,10.344080432788601,0.08081312838116095,0.03271484375
16,4,2048,128.0,412,16,0,1.0,True,115,143,7.582875444051551,0.05924121440665274,0.0234375
16,4,2048,128.0,422,16,0,1.0,True,107,150,10.173494974687902,0.07948042948974923,0.02978515625
16,4,2048,128.0,432,16,0,1.0,True,111,149,11.879604370516722,0.09280940914466189,0.04150390625
16,4,2048,128.0,442,16,0,1.0,True,111,149,11.847995611072786,0.09256246571150614,0.0380859375
16,4,2048,128.0,452,16,0,1.0,True,108,146,11.335784048754634,0.08856081288089558,0.0380859375
16,4,2048,128.0,462,16,0,1.0,True,117,153,11.191514642799696,0.08743370814687262,0.03662109375
16,4,2048,128.0,472,16,0,1.0,True,112,145,9.7082439194738,0.07584565562088906,0.03173828125
16,4,2048,128.0,482,16,0,1.0,True,113,144,9.17196816392207,0.07165600128064117,0.02880859375
16,4,2048,128.0,492,16,0,1.0,True,106,154,13.811227316933133,0.1079002134135401,0.04541015625
16,4,2048,128.0,502,16,0,1.0,True,108,143,11.68866972756096,0.09131773224657,0.0390625
16,4,2048,128.0,512,16,0,1.0,True,100,149,13.06713434537198,0.10208698707321859,0.0419921875
16,4,2048,128.0,522,16,0,1.0,True,108,147,10.23474474522936,0.07995894332210438,0.03515625
16,4,2048,128.0,532,16,0,1.0,True,108,161,14.164215474215295,0.11065793339230699,0.0439453125
16,4,4096,256.0,42,16,0,1.0,True,231,284,15.087246269614612,0.05893455574068208,0.025390625
16,4,4096,256.0,52,16,0,1.0,True,235,278,12.062338081814818,0.047118508132089135,0.02099609375
16,4,4096,256.0,62,16,0,1.0,True,233,277,12.703346015912501,0.04962244537465821,0.0205078125
16,4,4096,256.0,72,16,0,1.0,True,232,300,18.33712082089225,0.07162937820661035,0.030029296875
16,4,4096,256.0,82,16,0,1.0,True,237,282,12.888948754650242,0.05034745607285251,0.021240234375
16,4,4096,256.0,92,16,0,1.0,True,216,283,17.10263137648707,0.06680715381440262,0.02490234375
16,4,4096,256.0,102,16,0,1.0,True,226,285,18.61115257043475,0.07269981472826074,0.031494140625
16,4,4096,256.0,112,16,0,1.0,True,236,291,18.103866990231673,0.07071823043059247,0.028564453125
16,4,4096,256.0,122,16,0,1.0,True,237,280,12.5,0.048828125,0.021728515625
16,4,4096,256.0,132,16,0,1.0,True,223,296,19.29702049540291,0.07537898631016762,0.0322265625
16,4,4096,256.0,142,16,0,1.0,True,231,287,15.182226450688976,0.05930557207300381,0.022705078125
16,4,4096,256.0,152,16,0,1.0,True,225,284,13.729530217745982,0.05363097741307024,0.021484375
16,4,4096,256.0,162,16,0,1.0,True,236,272,11.073617295175051,0.04325631755927754,0.019287109375
16,4,4096,256.0,172,16,0,1.0,True,236,281,13.615248804190102,0.05318456564136759,0.023193359375
16,4,4096,256.0,182,16,0,1.0,True,199,289,20.49085161724617,0.08004238912986786,0.03125
16,4,4096,256.0,192,16,0,1.0,True,228,291,16.30950643030009,0.06370900949335973,0.0244140625
16,4,4096,256.0,202,16,0,1.0,True,224,280,15.194571399022744,0.05935379452743259,0.0244140625
16,4,4096,256.0,212,16,0,1.0,True,238,273,9.797958971132712,0.038273277230987154,0.015625
16,4,4096,256.0,222,16,0,1.0,True,238,296,15.850867484147358,0.061917451109950616,0.02587890625
16,4,4096,256.0,232,16,0,1.0,True,237,272,11.423659658795863,0.04462367054217134,0.020263671875
16,4,4096,256.0,242,16,0,1.0,True,234,285,16.347782724271816,0.06385852626668678,0.027099609375
16,4,4096,256.0,252,16,0,1.0,True,229,283,16.3707055437449,0.06394806853025352,0.027099609375
16,4,4096,256.0,262,16,0,1.0,True,217,289,17.503571064214295,0.06837332446958709,0.025146484375
16,4,4096,256.0,272,16,0,1.0,True,226,289,16.301840386901105,0.06367906401133244,0.025634765625
16,4,4096,256.0,282,16,0,1.0,True,235,293,15.620499351813308,0.061017575593020734,0.025146484375
16,4,4096,256.0,292,16,0,1.0,True,232,283,12.864680330268607,0.050252657540111746,0.0185546875
16,4,4096,256.0,302,16,0,1.0,True,227,284,15.5844473755087,0.06087674756058086,0.024169921875
16,4,4096,256.0,312,16,0,1.0,True,223,280,14.979152178945242,0.05851231319900485,0.02392578125
16,4,4096,256.0,322,16,0,1.0,True,215,276,14.370107863199914,0.056133233840624665,0.0205078125
16,4,4096,256.0,332,16,0,1.0,True,238,269,8.810505093353047,0.03441603552091034,0.013427734375
16,4,4096,256.0,342,16,0,1.0,True,239,283,12.20143434191243,0.04766185289809543,0.018310546875
16,4,4096,256.0,352,16,0,1.0,True,219,289,16.15936261119231,0.06312251019996996,0.02392578125
16,4,4096,256.0,362,16,0,1.0,True,237,280,11.390785749894517,0.04449525683552546,0.017822265625
16,4,4096,256.0,372,16,0,1.0,True,234,290,16.590660023037056,0.0648072657149885,0.026123046875
16,4,4096,256.0,382,16,0,1.0,True,221,281,15.831140198987564,0.06184039140229517,0.025390625
16,4,4096,256.0,392,16,0,1.0,True,231,292,16.673332000533065,0.06513020312708229,0.02392578125
16,4,4096,256.0,402,16,0,1.0,True,233,285,14.0089257261219,0.05472236611766367,0.022705078125
16,4,4096,256.0,412,16,0,1.0,True,237,290,15.058220346375597,0.058821173228029676,0.023193359375
16,4,4096,256.0,422,16,0,1.0,True,234,291,14.743642697786731,0.05759235428822942,0.022705078125
16,4,4096,256.0,432,16,0,1.0,True,218,304,21.026768653314278,0.0821358150520089,0.03271484375
16,4,4096,256.0,442,16,0,1.0,True,233,284,15.980456814496888,0.06242365943162847,0.02685546875
16,4,4096,256.0,452,16,0,1.0,True,223,276,15.874507866387544,0.062009796353076345,0.0263671875
16,4,4096,256.0,462,16,0,1.0,True,225,296,19.04599695474091,0.07439842560445668,0.03173828125
16,4,4096,256.0,472,16,0,1.0,True,228,292,15.870570248103878,0.06199441503165577,0.02490234375
16,4,4096,256.0,482,16,0,1.0,True,233,276,13.24764129949177,0.051748598826139726,0.021240234375
16,4,4096,256.0,492,16,0,1.0,True,225,296,18.96048522585854,0.07406439541350993,0.02880859375
16,4,4096,256.0,502,16,0,1.0,True,226,277,14.811313243598624,0.057856692357807125,0.024169921875
16,4,4096,256.0,512,16,0,1.0,True,236,286,13.439680055715613,0.05249875021763911,0.020751953125
16,4,4096,256.0,522,16,0,1.0,True,228,293,16.31716887208072,0.06373894090656532,0.025634765625
16,4,4096,256.0,532,16,0,1.0,True,229,300,19.959333656212074,0.07796614709457841,0.031005859375
32,5,4,0.125,42,4,28,0.125,False,0,1,0.33071891388307384,2.6457513110645907,0.875
32,5,4,0.125,52,4,28,0.125,False,0,1,0.33071891388307384,2.6457513110645907,0.875
32,5,4,0.125,62,4,28,0.125,False,0,1,0.33071891388307384,2.6457513110645907,0.875
32,5,4,0.125,72,4,28,0.125,False,0,1,0.33071891388307384,2.6457513110645907,0.875
32,5,4,0.125,82,3,29,0.09375,False,0,2,0.414578098794425,3.3166247903554,0.90625
32,5,4,0.125,92,3,29,0.09375,False,0,2,0.414578098794425,3.3166247903554,0.90625
32,5,4,0.125,102,4,28,0.125,False,0,1,0.33071891388307384,2.6457513110645907,0.875
32,5,4,0.125,112,4,28,0.125,False,0,1,0.33071891388307384,2.6457513110645907,0.875
32,5,4,0.125,122,4,28,0.125,False,0,1,0.33071891388307384,2.6457513110645907,0.875
32,5,4,0.125,132,4,28,0.125,False,0,1,0.33071891388307384,2.6457513110645907,0.875
32,5,4,0.125,142,4,28,0.125,False,0,1,0.33071891388307384,2.6457513110645907,0.875
32,5,4,0.125,152,4,28,0.125,False,0,1,0.33071891388307384,2.6457513110645907,0.875
32,5,4,0.125,162,3,29,0.09375,False,0,2,0.414578098794425,3.3166247903554,0.90625
32,5,4,0.125,172,4,28,0.125,False,0,1,0.33071891388307384,2.6457513110645907,0.875
32,5,4,0.125,182,4,28,0.125,False,0,1,0.33071891388307384,2.6457513110645907,0.875
32,5,4,0.125,192,4,28,0.125,False,0,1,0.33071891388307384,2.6457513110645907,0.875
32,5,4,0.125,202,3,29,0.09375,False,0,2,0.414578098794425,3.3166247903554,0.90625
32,5,4,0.125,212,3,29,0.09375,False,0,2,0.414578098794425,3.3166247903554,0.90625
32,5,4,0.125,222,4,28,0.125,False,0,1,0.33071891388307384,2.6457513110645907,0.875
32,5,4,0.125,232,4,28,0.125,False,0,1,0.33071891388307384,2.6457513110645907,0.875
32,5,4,0.125,242,4,28,0.125,False,0,1,0.33071891388307384,2.6457513110645907,0.875
32,5,4,0.125,252,3,29,0.09375,False,0,2,0.414578098794425,3.3166247903554,0.90625
32,5,4,0.125,262,4,28,0.125,False,0,1,0.33071891388307384,2.6457513110645907,0.875
32,5,4,0.125,272,4,28,0.125,False,0,1,0.33071891388307384,2.6457513110645907,0.875
32,5,4,0.125,282,4,28,0.125,False,0,1,0.33071891388307384,2.6457513110645907,0.875
32,5,4,0.125,292,4,28,0.125,False,0,1,0.33071891388307384,2.6457513110645907,0.875
32,5,4,0.125,302,3,29,0.09375,False,0,2,0.414578098794425,3.3166247903554,0.90625
32,5,4,0.125,312,3,29,0.09375,False,0,2,0.414578098794425,3.3166247903554,0.90625
32,5,4,0.125,322,4,28,0.125,False,0,1,0.33071891388307384,2.6457513110645907,0.875
32,5,4,0.125,332,3,29,0.09375,False,0,2,0.414578098794425,3.3166247903554,0.90625
32,5,4,0.125,342,4,28,0.125,False,0,1,0.33071891388307384,2.6457513110645907,0.875
32,5,4,0.125,352,4,28,0.125,False,0,1,0.33071891388307384,2.6457513110645907,0.875
32,5,4,0.125,362,4,28,0.125,False,0,1,0.33071891388307384,2.6457513110645907,0.875
32,5,4,0.125,372,4,28,0.125,False,0,1,0.33071891388307384,2.6457513110645907,0.875
32,5,4,0.125,382,4,28,0.125,False,0,1,0.33071891388307384,2.6457513110645907,0.875
32,5,4,0.125,392,4,28,0.125,False,0,1,0.33071891388307384,2.6457513110645907,0.875
32,5,4,0.125,402,4,28,0.125,False,0,1,0.33071891388307384,2.6457513110645907,0.875
32,5,4,0.125,412,4,28,0.125,False,0,1,0.33071891388307384,2.6457513110645907,0.875
32,5,4,0.125,422,4,28,0.125,False,0,1,0.33071891388307384,2.6457513110645907,0.875
32,5,4,0.125,432,4,28,0.125,False,0,1,0.33071891388307384,2.6457513110645907,0.875
32,5,4,0.125,442,4,28,0.125,False,0,1,0.33071891388307384,2.6457513110645907,0.875
32,5,4,0.125,452,4,28,0.125,False,0,1,0.33071891388307384,2.6457513110645907,0.875
32,5,4,0.125,462,4,28,0.125,False,0,1,0.33071891388307384,2.6457513110645907,0.875
32,5,4,0.125,472,4,28,0.125,False,0,1,0.33071891388307384,2.6457513110645907,0.875
32,5,4,0.125,482,3,29,0.09375,False,0,2,0.414578098794425,3.3166247903554,0.90625
32,5,4,0.125,492,4,28,0.125,False,0,1,0.33071891388307384,2.6457513110645907,0.875
32,5,4,0.125,502,4,28,0.125,False,0,1,0.33071891388307384,2.6457513110645907,0.875
32,5,4,0.125,512,4,28,0.125,False,0,1,0.33071891388307384,2.6457513110645907,0.875
32,5,4,0.125,522,4,28,0.125,False,0,1,0.33071891388307384,2.6457513110645907,0.875
32,5,4,0.125,532,4,28,0.125,False,0,1,0.33071891388307384,2.6457513110645907,0.875
32,5,8,0.25,42,7,25,0.21875,False,0,2,0.5,2.0,0.78125
32,5,8,0.25,52,7,25,0.21875,False,0,2,0.5,2.0,0.78125
32,5,8,0.25,62,8,24,0.25,False,0,1,0.4330127018922193,1.7320508075688772,0.75
32,5,8,0.25,72,7,25,0.21875,False,0,2,0.5,2.0,0.78125
32,5,8,0.25,82,7,25,0.21875,False,0,2,0.5,2.0,0.78125
32,5,8,0.25,92,7,25,0.21875,False,0,2,0.5,2.0,0.78125
32,5,8,0.25,102,6,26,0.1875,False,0,2,0.5590169943749475,2.23606797749979,0.8125
32,5,8,0.25,112,8,24,0.25,False,0,1,0.4330127018922193,1.7320508075688772,0.75
32,5,8,0.25,122,8,24,0.25,False,0,1,0.4330127018922193,1.7320508075688772,0.75
32,5,8,0.25,132,8,24,0.25,False,0,1,0.4330127018922193,1.7320508075688772,0.75
32,5,8,0.25,142,8,24,0.25,False,0,1,0.4330127018922193,1.7320508075688772,0.75
32,5,8,0.25,152,8,24,0.25,False,0,1,0.4330127018922193,1.7320508075688772,0.75
32,5,8,0.25,162,6,26,0.1875,False,0,2,0.5590169943749475,2.23606797749979,0.8125
32,5,8,0.25,172,8,24,0.25,False,0,1,0.4330127018922193,1.7320508075688772,0.75
32,5,8,0.25,182,7,25,0.21875,False,0,2,0.5,2.0,0.78125
32,5,8,0.25,192,7,25,0.21875,False,0,2,0.5,2.0,0.78125
32,5,8,0.25,202,7,25,0.21875,False,0,2,0.5,2.0,0.78125
32,5,8,0.25,212,6,26,0.1875,False,0,2,0.5590169943749475,2.23606797749979,0.8125
32,5,8,0.25,222,8,24,0.25,False,0,1,0.4330127018922193,1.7320508075688772,0.75
32,5,8,0.25,232,7,25,0.21875,False,0,2,0.5,2.0,0.78125
32,5,8,0.25,242,8,24,0.25,False,0,1,0.4330127018922193,1.7320508075688772,0.75
32,5,8,0.25,252,7,25,0.21875,False,0,2,0.5,2.0,0.78125
32,5,8,0.25,262,8,24,0.25,False,0,1,0.4330127018922193,1.7320508075688772,0.75
32,5,8,0.25,272,7,25,0.21875,False,0,2,0.5,2.0,0.78125
32,5,8,0.25,282,8,24,0.25,False,0,1,0.4330127018922193,1.7320508075688772,0.75
32,5,8,0.25,292,7,25,0.21875,False,0,2,0.5,2.0,0.78125
32,5,8,0.25,302,5,27,0.15625,False,0,3,0.6614378277661477,2.6457513110645907,0.84375
32,5,8,0.25,312,7,25,0.21875,False,0,2,0.5,2.0,0.78125
32,5,8,0.25,322,7,25,0.21875,False,0,2,0.5,2.0,0.78125
32,5,8,0.25,332,5,27,0.15625,False,0,3,0.6614378277661477,2.6457513110645907,0.84375
32,5,8,0.25,342,8,24,0.25,False,0,1,0.4330127018922193,1.7320508075688772,0.75
32,5,8,0.25,352,8,24,0.25,False,0,1,0.4330127018922193,1.7320508075688772,0.75
32,5,8,0.25,362,7,25,0.21875,False,0,2,0.5,2.0,0.78125
32,5,8,0.25,372,7,25,0.21875,False,0,2,0.5,2.0,0.78125
32,5,8,0.25,382,8,24,0.25,False,0,1,0.4330127018922193,1.7320508075688772,0.75
32,5,8,0.25,392,7,25,0.21875,False,0,2,0.5,2.0,0.78125
32,5,8,0.25,402,7,25,0.21875,False,0,2,0.5,2.0,0.78125
32,5,8,0.25,412,8,24,0.25,False,0,1,0.4330127018922193,1.7320508075688772,0.75
32,5,8,0.25,422,8,24,0.25,False,0,1,0.4330127018922193,1.7320508075688772,0.75
32,5,8,0.25,432,7,25,0.21875,False,0,2,0.5,2.0,0.78125
32,5,8,0.25,442,7,25,0.21875,False,0,2,0.5,2.0,0.78125
32,5,8,0.25,452,8,24,0.25,False,0,1,0.4330127018922193,1.7320508075688772,0.75
32,5,8,0.25,462,8,24,0.25,False,0,1,0.4330127018922193,1.7320508075688772,0.75
32,5,8,0.25,472,7,25,0.21875,False,0,2,0.5,2.0,0.78125
32,5,8,0.25,482,7,25,0.21875,False,0,2,0.5,2.0,0.78125
32,5,8,0.25,492,8,24,0.25,False,0,1,0.4330127018922193,1.7320508075688772,0.75
32,5,8,0.25,502,8,24,0.25,False,0,1,0.4330127018922193,1.7320508075688772,0.75
32,5,8,0.25,512,8,24,0.25,False,0,1,0.4330127018922193,1.7320508075688772,0.75
32,5,8,0.25,522,5,27,0.15625,False,0,2,0.6123724356957945,2.449489742783178,0.84375
32,5,8,0.25,532,8,24,0.25,False,0,1,0.4330127018922193,1.7320508075688772,0.75
32,5,16,0.5,42,14,18,0.4375,False,0,2,0.6123724356957945,1.224744871391589,0.5625
32,5,16,0.5,52,12,20,0.375,False,0,2,0.7071067811865476,1.4142135623730951,0.625
32,5,16,0.5,62,16,16,0.5,False,0,1,0.5,1.0,0.5
32,5,16,0.5,72,12,20,0.375,False,0,2,0.7071067811865476,1.4142135623730951,0.625
32,5,16,0.5,82,12,20,0.375,False,0,3,0.75,1.5,0.625
32,5,16,0.5,92,10,22,0.3125,False,0,3,0.8660254037844386,1.7320508075688772,0.6875
32,5,16,0.5,102,11,21,0.34375,False,0,3,0.82915619758885,1.6583123951777,0.65625
32,5,16,0.5,112,13,19,0.40625,False,0,2,0.6614378277661477,1.3228756555322954,0.59375
32,5,16,0.5,122,14,18,0.4375,False,0,2,0.6123724356957945,1.224744871391589,0.5625
32,5,16,0.5,132,12,20,0.375,False,0,2,0.7071067811865476,1.4142135623730951,0.625
32,5,16,0.5,142,15,17,0.46875,False,0,2,0.5590169943749475,1.118033988749895,0.53125
32,5,16,0.5,152,14,18,0.4375,False,0,2,0.6123724356957945,1.224744871391589,0.5625
32,5,16,0.5,162,13,19,0.40625,False,0,3,0.7071067811865476,1.4142135623730951,0.59375
32,5,16,0.5,172,13,19,0.40625,False,0,3,0.7071067811865476,1.4142135623730951,0.59375
32,5,16,0.5,182,12,20,0.375,False,0,2,0.7071067811865476,1.4142135623730951,0.625
32,5,16,0.5,192,12,20,0.375,False,0,3,0.75,1.5,0.625
32,5,16,0.5,202,13,19,0.40625,False,0,2,0.6614378277661477,1.3228756555322954,0.59375
32,5,16,0.5,212,11,21,0.34375,False,0,3,0.82915619758885,1.6583123951777,0.65625
32,5,16,0.5,222,15,17,0.46875,False,0,2,0.5590169943749475,1.118033988749895,0.53125
32,5,16,0.5,232,13,19,0.40625,False,0,2,0.6614378277661477,1.3228756555322954,0.59375
32,5,16,0.5,242,14,18,0.4375,False,0,2,0.6123724356957945,1.224744871391589,0.5625
32,5,16,0.5,252,12,20,0.375,False,0,4,0.82915619758885,1.6583123951777,0.625
32,5,16,0.5,262,13,19,0.40625,False,0,2,0.6614378277661477,1.3228756555322954,0.59375
32,5,16,0.5,272,14,18,0.4375,False,0,2,0.6123724356957945,1.224744871391589,0.5625
32,5,16,0.5,282,15,17,0.46875,False,0,2,0.5590169943749475,1.118033988749895,0.53125
32,5,16,0.5,292,14,18,0.4375,False,0,2,0.6123724356957945,1.224744871391589,0.5625
32,5,16,0.5,302,13,19,0.40625,False,0,3,0.7071067811865476,1.4142135623730951,0.59375
32,5,16,0.5,312,11,21,0.34375,False,0,3,0.7905694150420949,1.5811388300841898,0.65625
32,5,16,0.5,322,12,20,0.375,False,0,2,0.7071067811865476,1.4142135623730951,0.625
32,5,16,0.5,332,12,20,0.375,False,0,4,0.82915619758885,1.6583123951777,0.625
32,5,16,0.5,342,14,18,0.4375,False,0,2,0.6123724356957945,1.224744871391589,0.5625
32,5,16,0.5,352,14,18,0.4375,False,0,2,0.6123724356957945,1.224744871391589,0.5625
32,5,16,0.5,362,12,20,0.375,False,0,3,0.75,1.5,0.625
32,5,16,0.5,372,12,20,0.375,False,0,3,0.75,1.5,0.625
32,5,16,0.5,382,12,20,0.375,False,0,3,0.75,1.5,0.625
32,5,16,0.5,392,11,21,0.34375,False,0,2,0.75,1.5,0.65625
32,5,16,0.5,402,14,18,0.4375,False,0,2,0.6123724356957945,1.224744871391589,0.5625
32,5,16,0.5,412,15,17,0.46875,False,0,2,0.5590169943749475,1.118033988749895,0.53125
32,5,16,0.5,422,13,19,0.40625,False,0,2,0.6614378277661477,1.3228756555322954,0.59375
32,5,16,0.5,432,13,19,0.40625,False,0,2,0.6614378277661477,1.3228756555322954,0.59375
32,5,16,0.5,442,12,20,0.375,False,0,3,0.75,1.5,0.625
32,5,16,0.5,452,14,18,0.4375,False,0,2,0.6123724356957945,1.224744871391589,0.5625
32,5,16,0.5,462,13,19,0.40625,False,0,2,0.6614378277661477,1.3228756555322954,0.59375
32,5,16,0.5,472,11,21,0.34375,False,0,3,0.7905694150420949,1.5811388300841898,0.65625
32,5,16,0.5,482,15,17,0.46875,False,0,2,0.5590169943749475,1.118033988749895,0.53125
32,5,16,0.5,492,13,19,0.40625,False,0,2,0.6614378277661477,1.3228756555322954,0.59375
32,5,16,0.5,502,13,19,0.40625,False,0,2,0.6614378277661477,1.3228756555322954,0.59375
32,5,16,0.5,512,14,18,0.4375,False,0,2,0.6123724356957945,1.224744871391589,0.5625
32,5,16,0.5,522,12,20,0.375,False,0,2,0.7071067811865476,1.4142135623730951,0.625
32,5,16,0.5,532,13,19,0.40625,False,0,2,0.6614378277661477,1.3228756555322954,0.59375
32,5,32,1.0,42,21,11,0.65625,False,0,3,0.9013878188659973,0.9013878188659973,0.34375
32,5,32,1.0,52,20,12,0.625,False,0,3,1.0,1.0,0.375
32,5,32,1.0,62,22,10,0.6875,False,0,2,0.7905694150420949,0.7905694150420949,0.3125
32,5,32,1.0,72,20,12,0.625,False,0,3,1.0,1.0,0.375
32,5,32,1.0,82,19,13,0.59375,False,0,5,1.14564392373896,1.14564392373896,0.40625
32,5,32,1.0,92,19,13,0.59375,False,0,5,1.1726039399558574,1.1726039399558574,0.40625
32,5,32,1.0,102,20,12,0.625,False,0,4,1.0606601717798212,1.0606601717798212,0.375
32,5,32,1.0,112,20,12,0.625,False,0,3,0.9682458365518543,0.9682458365518543,0.375
32,5,32,1.0,122,20,12,0.625,False,0,3,0.9013878188659973,0.9013878188659973,0.375
32,5,32,1.0,132,17,15,0.53125,False,0,3,1.0897247358851685,1.0897247358851685,0.46875
32,5,32,1.0,142,19,13,0.59375,False,0,3,0.9682458365518543,0.9682458365518543,0.40625
32,5,32,1.0,152,21,11,0.65625,False,0,3,0.9013878188659973,0.9013878188659973,0.34375
32,5,32,1.0,162,21,11,0.65625,False,0,4,1.0307764064044151,1.0307764064044151,0.34375
32,5,32,1.0,172,21,11,0.65625,False,0,3,0.9013878188659973,0.9013878188659973,0.34375
32,5,32,1.0,182,19,13,0.59375,False,0,4,1.0897247358851685,1.0897247358851685,0.40625
32,5,32,1.0,192,19,13,0.59375,False,0,4,1.0897247358851685,1.0897247358851685,0.40625
32,5,32,1.0,202,23,9,0.71875,False,0,3,0.82915619758885,0.82915619758885,0.28125
32,5,32,1.0,212,18,14,0.5625,False,0,4,1.14564392373896,1.14564392373896,0.4375
32,5,32,1.0,222,25,7,0.78125,False,0,3,0.7071067811865476,0.7071067811865476,0.21875
32,5,32,1.0,232,23,9,0.71875,False,0,3,0.7905694150420949,0.7905694150420949,0.28125
32,5,32,1.0,242,21,11,0.65625,False,0,3,0.9013878188659973,0.9013878188659973,0.34375
32,5,32,1.0,252,21,11,0.65625,False,0,5,1.0606601717798212,1.0606601717798212,0.34375
32,5,32,1.0,262,22,10,0.6875,False,0,3,0.82915619758885,0.82915619758885,0.3125
32,5,32,1.0,272,23,9,0.71875,False,0,4,0.9013878188659973,0.9013878188659973,0.28125
32,5,32,1.0,282,20,12,0.625,False,0,3,0.9013878188659973,0.9013878188659973,0.375
32,5,32,1.0,292,22,10,0.6875,False,0,3,0.8660254037844386,0.8660254037844386,0.3125
32,5,32,1.0,302,19,13,0.59375,False,0,5,1.14564392373896,1.14564392373896,0.40625
32,5,32,1.0,312,19,13,0.59375,False,0,5,1.14564392373896,1.14564392373896,0.40625
32,5,32,1.0,322,21,11,0.65625,False,0,4,0.9682458365518543,0.9682458365518543,0.34375
32,5,32,1.0,332,19,13,0.59375,False,0,5,1.118033988749895,1.118033988749895,0.40625
32,5,32,1.0,342,22,10,0.6875,False,0,3,0.82915619758885,0.82915619758885,0.3125
32,5,32,1.0,352,19,13,0.59375,False,0,3,0.9682458365518543,0.9682458365518543,0.40625
32,5,32,1.0,362,20,12,0.625,False,0,4,1.0307764064044151,1.0307764064044151,0.375
32,5,32,1.0,372,20,12,0.625,False,0,4,1.0606601717798212,1.0606601717798212,0.375
32,5,32,1.0,382,22,10,0.6875,False,0,3,0.8660254037844386,0.8660254037844386,0.3125
32,5,32,1.0,392,20,12,0.625,False,0,4,1.0307764064044151,1.0307764064044151,0.375
32,5,32,1.0,402,20,12,0.625,False,0,3,0.9354143466934853,0.9354143466934853,0.375
32,5,32,1.0,412,21,11,0.65625,False,0,3,0.8660254037844386,0.8660254037844386,0.34375
32,5,32,1.0,422,22,10,0.6875,False,0,3,0.9013878188659973,0.9013878188659973,0.3125
32,5,32,1.0,432,21,11,0.65625,False,0,4,0.9682458365518543,0.9682458365518543,0.34375
32,5,32,1.0,442,17,15,0.53125,False,0,4,1.1726039399558574,1.1726039399558574,0.46875
32,5,32,1.0,452,19,13,0.59375,False,0,3,0.9682458365518543,0.9682458365518543,0.40625
32,5,32,1.0,462,20,12,0.625,False,0,3,0.9682458365518543,0.9682458365518543,0.375
32,5,32,1.0,472,21,11,0.65625,False,0,3,0.9354143466934853,0.9354143466934853,0.34375
32,5,32,1.0,482,18,14,0.5625,False,0,4,1.0307764064044151,1.0307764064044151,0.4375
32,5,32,1.0,492,21,11,0.65625,False,0,3,0.8660254037844386,0.8660254037844386,0.34375
32,5,32,1.0,502,20,12,0.625,False,0,3,0.9013878188659973,0.9013878188659973,0.375
32,5,32,1.0,512,20,12,0.625,False,0,3,0.9354143466934853,0.9354143466934853,0.375
32,5,32,1.0,522,19,13,0.59375,False,0,4,1.1726039399558574,1.1726039399558574,0.40625
32,5,32,1.0,532,20,12,0.625,False,0,3,0.9354143466934853,0.9354143466934853,0.375
32,5,64,2.0,42,27,5,0.84375,False,0,5,1.299038105676658,0.649519052838329,0.265625
32,5,64,2.0,52,25,7,0.78125,False,0,6,1.6583123951777,0.82915619758885,0.3125
32,5,64,2.0,62,29,3,0.90625,False,0,4,1.0897247358851685,0.5448623679425842,0.21875
32,5,64,2.0,72,27,5,0.84375,False,0,5,1.4142135623730951,0.7071067811865476,0.265625
32,5,64,2.0,82,28,4,0.875,False,0,7,1.5206906325745548,0.7603453162872774,0.28125
32,5,64,2.0,92,25,7,0.78125,False,0,7,1.75,0.875,0.328125
32,5,64,2.0,102,26,6,0.8125,False,0,6,1.5206906325745548,0.7603453162872774,0.265625
32,5,64,2.0,112,26,6,0.8125,False,0,5,1.4577379737113252,0.7288689868556626,0.28125
32,5,64,2.0,122,27,5,0.84375,False,0,4,1.3228756555322954,0.6614378277661477,0.28125
32,5,64,2.0,132,27,5,0.84375,False,0,5,1.5,0.75,0.3125
32,5,64,2.0,142,27,5,0.84375,False,0,5,1.346291201783626,0.673145600891813,0.28125
32,5,64,2.0,152,27,5,0.84375,False,0,4,1.299038105676658,0.649519052838329,0.265625
32,5,64,2.0,162,27,5,0.84375,False,0,6,1.5,0.75,0.265625
32,5,64,2.0,172,28,4,0.875,False,0,5,1.299038105676658,0.649519052838329,0.25
32,5,64,2.0,182,28,4,0.875,False,0,5,1.4361406616345072,0.7180703308172536,0.265625
32,5,64,2.0,192,27,5,0.84375,False,0,6,1.5811388300841898,0.7905694150420949,0.296875
32,5,64,2.0,202,30,2,0.9375,False,0,5,1.0897247358851685,0.5448623679425842,0.1875
32,5,64,2.0,212,30,2,0.9375,False,0,6,1.4142135623730951,0.7071067811865476,0.265625
32,5,64,2.0,222,29,3,0.90625,False,0,5,1.14564392373896,0.57282196186948,0.21875
32,5,64,2.0,232,32,0,1.0,True,1,4,1.0,0.5,0.203125
32,5,64,2.0,242,25,7,0.78125,False,0,5,1.479019945774904,0.739509972887452,0.328125
32,5,64,2.0,252,27,5,0.84375,False,0,7,1.4577379737113252,0.7288689868556626,0.25
32,5,64,2.0,262,30,2,0.9375,False,0,5,1.1726039399558574,0.5863019699779287,0.21875
32,5,64,2.0,272,30,2,0.9375,False,0,5,1.1726039399558574,0.5863019699779287,0.203125
32,5,64,2.0,282,27,5,0.84375,False,0,4,1.2747548783981961,0.6373774391990981,0.265625
32,5,64,2.0,292,29,3,0.90625,False,0,4,1.14564392373896,0.57282196186948,0.234375
32,5,64,2.0,302,29,3,0.90625,False,0,7,1.5,0.75,0.265625
32,5,64,2.0,312,30,2,0.9375,False,0,7,1.3919410907075054,0.6959705453537527,0.234375
32,5,64,2.0,322,28,4,0.875,False,0,5,1.3228756555322954,0.6614378277661477,0.25
32,5,64,2.0,332,27,5,0.84375,False,0,7,1.541103500742244,0.770551750371122,0.296875
32,5,64,2.0,342,28,4,0.875,False,0,5,1.2747548783981961,0.6373774391990981,0.25
32,5,64,2.0,352,27,5,0.84375,False,0,4,1.3228756555322954,0.6614378277661477,0.28125
32,5,64,2.0,362,27,5,0.84375,False,0,5,1.4361406616345072,0.7180703308172536,0.28125
32,5,64,2.0,372,27,5,0.84375,False,0,6,1.479019945774904,0.739509972887452,0.28125
32,5,64,2.0,382,27,5,0.84375,False,0,6,1.3919410907075054,0.6959705453537527,0.25
32,5,64,2.0,392,28,4,0.875,False,0,6,1.4142135623730951,0.7071067811865476,0.265625
32,5,64,2.0,402,28,4,0.875,False,0,5,1.3693063937629153,0.6846531968814576,0.28125
32,5,64,2.0,412,27,5,0.84375,False,0,5,1.299038105676658,0.649519052838329,0.265625
32,5,64,2.0,422,29,3,0.90625,False,0,5,1.299038105676658,0.649519052838329,0.25
32,5,64,2.0,432,30,2,0.9375,False,0,5,1.1989578808281798,0.5994789404140899,0.21875
32,5,64,2.0,442,26,6,0.8125,False,0,6,1.6770509831248424,0.8385254915624212,0.359375
32,5,64,2.0,452,27,5,0.84375,False,0,5,1.3919410907075054,0.6959705453537527,0.28125
32,5,64,2.0,462,27,5,0.84375,False,0,5,1.3693063937629153,0.6846531968814576,0.28125
32,5,64,2.0,472,26,6,0.8125,False,0,6,1.4577379737113252,0.7288689868556626,0.265625
32,5,64,2.0,482,27,5,0.84375,False,0,6,1.346291201783626,0.673145600891813,0.28125
32,5,64,2.0,492,28,4,0.875,False,0,4,1.2747548783981961,0.6373774391990981,0.265625
32,5,64,2.0,502,29,3,0.90625,False,0,4,1.224744871391589,0.6123724356957945,0.25
32,5,64,2.0,512,29,3,0.90625,False,0,5,1.3228756555322954,0.6614378277661477,0.265625
32,5,64,2.0,522,25,7,0.78125,False,0,6,1.6770509831248424,0.8385254915624212,0.296875
32,5,64,2.0,532,27,5,0.84375,False,0,5,1.3693063937629153,0.6846531968814576,0.265625
32,5,128,4.0,42,32,0,1.0,True,1,8,1.8371173070873836,0.4592793267718459,0.1875
32,5,128,4.0,52,30,2,0.9375,False,0,9,2.3717082451262845,0.5929270612815711,0.21875
32,5,128,4.0,62,31,1,0.96875,False,0,7,1.5811388300841898,0.39528470752104744,0.15625
32,5,128,4.0,72,31,1,0.96875,False,0,8,1.9685019685029528,0.4921254921257382,0.1796875
32,5,128,4.0,82,32,0,1.0,True,1,11,2.1360009363293826,0.5340002340823456,0.203125
32,5,128,4.0,92,30,2,0.9375,False,0,11,2.449489742783178,0.6123724356957945,0.2265625
32,5,128,4.0,102,32,0,1.0,True,1,9,2.0463381929681126,0.5115845482420281,0.1875
32,5,128,4.0,112,31,1,0.96875,False,0,9,2.1937410968480306,0.5484352742120077,0.21875
32,5,128,4.0,122,32,0,1.0,True,1,7,1.8708286933869707,0.46770717334674267,0.203125
32,5,128,4.0,132,31,1,0.96875,False,0,8,2.165063509461097,0.5412658773652742,0.2265625
32,5,128,4.0,142,32,0,1.0,True,1,8,1.9364916731037085,0.4841229182759271,0.203125
32,5,128,4.0,152,31,1,0.96875,False,0,7,1.9039432764659772,0.4759858191164943,0.1953125
32,5,128,4.0,162,31,1,0.96875,False,0,9,2.0766559657295187,0.5191639914323797,0.203125
32,5,128,4.0,172,31,1,0.96875,False,0,9,1.8371173070873836,0.4592793267718459,0.171875
32,5,128,4.0,182,32,0,1.0,True,1,8,1.984313483298443,0.49607837082461076,0.1875
32,5,128,4.0,192,30,2,0.9375,False,0,9,2.277608394786075,0.5694020986965187,0.21875
32,5,128,4.0,202,32,0,1.0,True,1,7,1.479019945774904,0.369754986443726,0.1328125
32,5,128,4.0,212,32,0,1.0,True,2,10,2.1213203435596424,0.5303300858899106,0.203125
32,5,128,4.0,222,32,0,1.0,True,1,7,1.4142135623730951,0.3535533905932738,0.140625
32,5,128,4.0,232,32,0,1.0,True,2,7,1.3919410907075054,0.34798527267687634,0.140625
32,5,128,4.0,242,32,0,1.0,True,1,8,1.8371173070873836,0.4592793267718459,0.203125
32,5,128,4.0,252,32,0,1.0,True,1,11,2.1505813167606567,0.5376453291901642,0.1953125
32,5,128,4.0,262,32,0,1.0,True,1,8,1.620185174601965,0.4050462936504913,0.15625
32,5,128,4.0,272,32,0,1.0,True,1,9,1.6007810593582121,0.40019526483955303,0.1484375
32,5,128,4.0,282,32,0,1.0,True,1,7,1.6393596310755,0.409839907768875,0.171875
32,5,128,4.0,292,32,0,1.0,True,2,7,1.5206906325745548,0.3801726581436387,0.15625
32,5,128,4.0,302,32,0,1.0,True,1,11,2.179449471770337,0.5448623679425842,0.203125
32,5,128,4.0,312,31,1,0.96875,False,0,11,2.03100960115899,0.5077524002897476,0.171875
32,5,128,4.0,322,30,2,0.9375,False,0,9,1.9685019685029528,0.4921254921257382,0.1796875
32,5,128,4.0,332,32,0,1.0,True,1,11,2.1213203435596424,0.5303300858899106,0.1953125
32,5,128,4.0,342,32,0,1.0,True,1,8,1.695582495781317,0.42389562394532926,0.171875
32,5,128,4.0,352,32,0,1.0,True,1,7,1.8874586088176875,0.47186465220442186,0.203125
32,5,128,4.0,362,32,0,1.0,True,1,8,1.8540496217739157,0.46351240544347894,0.1875
32,5,128,4.0,372,31,1,0.96875,False,0,9,2.1065374432940898,0.5266343608235224,0.203125
32,5,128,4.0,382,32,0,1.0,True,1,9,1.9685019685029528,0.4921254921257382,0.1875
32,5,128,4.0,392,32,0,1.0,True,1,9,1.9525624189766635,0.4881406047441659,0.1953125
32,5,128,4.0,402,31,1,0.96875,False,0,8,2.0,0.5,0.203125
32,5,128,4.0,412,32,0,1.0,True,1,7,1.6007810593582121,0.40019526483955303,0.171875
32,5,128,4.0,422,32,0,1.0,True,1,8,1.8708286933869707,0.46770717334674267,0.1875
32,5,128,4.0,432,32,0,1.0,True,1,9,1.75,0.4375,0.171875
32,5,128,4.0,442,31,1,0.96875,False,0,9,2.277608394786075,0.5694020986965187,0.2421875
32,5,128,4.0,452,32,0,1.0,True,1,8,1.9685019685029528,0.4921254921257382,0.203125
32,5,128,4.0,462,32,0,1.0,True,1,8,1.8027756377319946,0.45069390943299864,0.1875
32,5,128,4.0,472,30,2,0.9375,False,0,9,2.25,0.5625,0.2109375
32,5,128,4.0,482,32,0,1.0,True,1,10,2.03100960115899,0.5077524002897476,0.2109375
32,5,128,4.0,492,32,0,1.0,True,1,7,1.713913650100261,0.42847841252506524,0.171875
32,5,128,4.0,502,31,1,0.96875,False,0,7,1.8027756377319946,0.45069390943299864,0.1875
32,5,128,4.0,512,32,0,1.0,True,1,8,1.8708286933869707,0.46770717334674267,0.1953125
32,5,128,4.0,522,30,2,0.9375,False,0,9,2.384848003542364,0.596212000885591,0.2265625
32,5,128,4.0,532,31,1,0.96875,False,0,7,1.9525624189766635,0.4881406047441659,0.203125
32,5,256,8.0,42,32,0,1.0,True,3,14,2.680951323690902,0.33511891546136274,0.13671875
32,5,256,8.0,52,32,0,1.0,True,2,15,3.29772648956823,0.41221581119602874,0.15625
32,5,256,8.0,62,32,0,1.0,True,3,12,2.4238399287081647,0.3029799910885206,0.12890625
32,5,256,8.0,72,32,0,1.0,True,2,14,2.806243040080456,0.350780380010057,0.1328125
32,5,256,8.0,82,32,0,1.0,True,4,17,2.9154759474226504,0.3644344934278313,0.140625
32,5,256,8.0,92,32,0,1.0,True,2,17,3.3541019662496847,0.4192627457812106,0.16015625
32,5,256,8.0,102,32,0,1.0,True,3,15,2.9154759474226504,0.3644344934278313,0.13671875
32,5,256,8.0,112,32,0,1.0,True,3,14,3.0618621784789726,0.38273277230987157,0.15625
32,5,256,8.0,122,32,0,1.0,True,3,12,2.7271780286589284,0.34089725358236606,0.1484375
32,5,256,8.0,132,32,0,1.0,True,1,14,3.112474899497183,0.3890593624371479,0.1640625
32,5,256,8.0,142,32,0,1.0,True,3,13,2.6339134382131846,0.32923917977664807,0.140625
32,5,256,8.0,152,32,0,1.0,True,3,12,2.598076211353316,0.3247595264191645,0.1328125
32,5,256,8.0,162,32,0,1.0,True,2,16,2.968585521759479,0.3710731902199349,0.140625
32,5,256,8.0,172,32,0,1.0,True,3,14,2.5124689052802225,0.3140586131600278,0.125
32,5,256,8.0,182,32,0,1.0,True,3,14,2.7950849718747373,0.34938562148434216,0.1328125
32,5,256,8.0,192,32,0,1.0,True,2,15,3.307189138830738,0.41339864235384227,0.1640625
32,5,256,8.0,202,32,0,1.0,True,3,12,2.1065374432940898,0.2633171804117612,0.1015625
32,5,256,8.0,212,32,0,1.0,True,5,16,2.958039891549808,0.369754986443726,0.14453125
32,5,256,8.0,222,32,0,1.0,True,4,13,2.0766559657295187,0.25958199571618984,0.1015625
32,5,256,8.0,232,32,0,1.0,True,5,12,1.8874586088176875,0.23593232610221093,0.09375
32,5,256,8.0,242,32,0,1.0,True,3,13,2.680951323690902,0.33511891546136274,0.14453125
32,5,256,8.0,252,32,0,1.0,True,3,17,2.9368350311176825,0.3671043788897103,0.1328125
32,5,256,8.0,262,32,0,1.0,True,3,13,2.3048861143232218,0.2881107642904027,0.11328125
32,5,256,8.0,272,32,0,1.0,True,3,14,2.23606797749979,0.2795084971874737,0.10546875
32,5,256,8.0,282,32,0,1.0,True,3,12,2.5248762345905194,0.3156095293238149,0.140625
32,5,256,8.0,292,32,0,1.0,True,4,12,2.179449471770337,0.2724311839712921,0.109375
32,5,256,8.0,302,32,0,1.0,True,3,17,2.947456530637899,0.36843206632973735,0.13671875
32,5,256,8.0,312,32,0,1.0,True,3,17,2.817356917396161,0.3521696146745201,0.125
32,5,256,8.0,322,32,0,1.0,True,2,15,2.958039891549808,0.369754986443726,0.13671875
32,5,256,8.0,332,32,0,1.0,True,4,18,2.9368350311176825,0.3671043788897103,0.13671875
32,5,256,8.0,342,32,0,1.0,True,3,13,2.436698586202241,0.3045873232752801,0.125
32,5,256,8.0,352,32,0,1.0,True,4,13,2.57390753524675,0.3217384419058438,0.140625
32,5,256,8.0,362,32,0,1.0,True,4,14,2.6100766272276377,0.3262595784034547,0.1328125
32,5,256,8.0,372,32,0,1.0,True,2,15,2.9895651857753496,0.3736956482219187,0.1484375
32,5,256,8.0,382,32,0,1.0,True,3,15,2.817356917396161,0.3521696146745201,0.13671875
32,5,256,8.0,392,32,0,1.0,True,3,15,2.806243040080456,0.350780380010057,0.14453125
32,5,256,8.0,402,32,0,1.0,True,3,14,2.8284271247461903,0.3535533905932738,0.14453125
32,5,256,8.0,412,32,0,1.0,True,3,13,2.4109126902482387,0.30136408628102984,0.12890625
32,5,256,8.0,422,32,0,1.0,True,3,14,2.537222891273055,0.31715286140913185,0.12890625
32,5,256,8.0,432,32,0,1.0,True,4,14,2.384848003542364,0.2981060004427955,0.12109375
32,5,256,8.0,442,32,0,1.0,True,2,15,3.25,0.40625,0.16796875
32,5,256,8.0,452,32,0,1.0,True,3,13,2.7950849718747373,0.34938562148434216,0.1484375
32,5,256,8.0,462,32,0,1.0,True,4,14,2.6100766272276377,0.3262595784034547,0.1328125
32,5,256,8.0,472,32,0,1.0,True,2,15,3.1024184114977142,0.3878023014372143,0.14453125
32,5,256,8.0,482,32,0,1.0,True,3,16,2.968585521759479,0.3710731902199349,0.16015625
32,5,256,8.0,492,32,0,1.0,True,4,12,2.5248762345905194,0.3156095293238149,0.1328125
32,5,256,8.0,502,32,0,1.0,True,2,12,2.622022120425379,0.32775276505317236,0.13671875
32,5,256,8.0,512,32,0,1.0,True,3,13,2.669269563007828,0.3336586953759785,0.140625
32,5,256,8.0,522,32,0,1.0,True,2,15,3.418698582794336,0.427337322849292,0.16796875
32,5,256,8.0,532,32,0,1.0,True,1,13,3.152380053229623,0.39404750665370286,0.16015625
32,5,512,16.0,42,32,0,1.0,True,9,24,3.6996621467371855,0.2312288841710741,0.095703125
32,5,512,16.0,52,32,0,1.0,True,7,26,4.723610906922796,0.29522568168267477,0.115234375
32,5,512,16.0,62,32,0,1.0,True,8,22,3.3541019662496847,0.2096313728906053,0.0859375
32,5,512,16.0,72,32,0,1.0,True,7,24,3.952847075210474,0.24705294220065463,0.09375
32,5,512,16.0,82,32,0,1.0,True,10,28,4.02336923485777,0.25146057717861064,0.099609375
32,5,512,16.0,92,32,0,1.0,True,7,29,4.930770730829005,0.3081731706768128,0.119140625
32,5,512,16.0,102,32,0,1.0,True,9,26,4.107919181288746,0.2567449488305466,0.095703125
32,5,512,16.0,112,32,0,1.0,True,8,25,4.351723796382303,0.27198273727389394,0.111328125
32,5,512,16.0,122,32,0,1.0,True,9,22,3.840572873934304,0.240035804620894,0.103515625
32,5,512,16.0,132,32,0,1.0,True,6,24,4.527692569068709,0.2829807855667943,0.12109375
32,5,512,16.0,142,32,0,1.0,True,9,24,3.848701079585163,0.2405438174740727,0.1015625
32,5,512,16.0,152,32,0,1.0,True,8,22,3.75,0.234375,0.099609375
32,5,512,16.0,162,32,0,1.0,True,7,26,4.0697051490249265,0.2543565718140579,0.09765625
32,5,512,16.0,172,32,0,1.0,True,8,25,3.766629793329841,0.23541436208311506,0.091796875
32,5,512,16.0,182,32,0,1.0,True,8,24,3.848701079585163,0.2405438174740727,0.091796875
32,5,512,16.0,192,32,0,1.0,True,7,26,4.568916720624267,0.28555729503901667,0.111328125
32,5,512,16.0,202,32,0,1.0,True,9,22,2.9895651857753496,0.18684782411095935,0.072265625
32,5,512,16.0,212,32,0,1.0,True,11,27,4.00780488547035,0.25048780534189685,0.09765625
32,5,512,16.0,222,32,0,1.0,True,10,23,2.958039891549808,0.184877493221863,0.072265625
32,5,512,16.0,232,32,0,1.0,True,12,21,2.669269563007828,0.16682934768798924,0.0703125
32,5,512,16.0,242,32,0,1.0,True,8,23,4.00780488547035,0.25048780534189685,0.107421875
32,5,512,16.0,252,32,0,1.0,True,9,28,4.175823272122517,0.2609889545076573,0.09765625
32,5,512,16.0,262,32,0,1.0,True,9,23,3.3354160160315836,0.20846350100197397,0.083984375
32,5,512,16.0,272,32,0,1.0,True,9,25,3.24037034920393,0.20252314682524564,0.076171875
32,5,512,16.0,282,32,0,1.0,True,9,22,3.570714214271425,0.22316963839196408,0.09765625
32,5,512,16.0,292,32,0,1.0,True,11,21,2.979093821953246,0.18619336387207788,0.078125
32,5,512,16.0,302,32,0,1.0,True,9,28,4.205650960315181,0.2628531850196988,0.1015625
32,5,512,16.0,312,32,0,1.0,True,8,28,3.8649062084350767,0.2415566380271923,0.087890625
32,5,512,16.0,322,32,0,1.0,True,7,25,4.235268586524354,0.2647042866577721,0.09765625
32,5,512,16.0,332,32,0,1.0,True,10,29,4.092676385936225,0.2557922741210141,0.09765625
32,5,512,16.0,342,32,0,1.0,True,9,23,3.391164991562634,0.21194781197266463,0.0859375
32,5,512,16.0,352,32,0,1.0,True,9,22,3.69120576505835,0.23070036031614688,0.1015625
32,5,512,16.0,362,32,0,1.0,True,10,24,3.75,0.234375,0.095703125
32,5,512,16.0,372,32,0,1.0,True,7,26,4.301162633521313,0.2688226645950821,0.10546875
32,5,512,16.0,382,32,0,1.0,True,9,25,3.960744879438715,0.24754655496491967,0.095703125
32,5,512,16.0,392,32,0,1.0,True,9,25,4.0,0.25,0.1015625
32,5,512,16.0,402,32,0,1.0,True,8,24,4.183300132670378,0.2614562582918986,0.107421875
32,5,512,16.0,412,32,0,1.0,True,9,23,3.3634060117684275,0.21021287573552672,0.08984375
32,5,512,16.0,422,32,0,1.0,True,9,25,3.7914377220257753,0.23696485762661096,0.095703125
32,5,512,16.0,432,32,0,1.0,True,10,25,3.5,0.21875,0.087890625
32,5,512,16.0,442,32,0,1.0,True,8,25,4.6097722286464435,0.2881107642904027,0.12109375
32,5,512,16.0,452,32,0,1.0,True,9,23,3.872983346207417,0.24206145913796356,0.103515625
32,5,512,16.0,462,32,0,1.0,True,10,24,3.824264635194589,0.2390165396996618,0.1015625
32,5,512,16.0,472,32,0,1.0,True,7,26,4.513867521316947,0.2821167200823092,0.10546875
32,5,512,16.0,482,32,0,1.0,True,9,26,4.100304866714182,0.25626905416963636,0.111328125
32,5,512,16.0,492,32,0,1.0,True,10,22,3.5,0.21875,0.091796875
32,5,512,16.0,502,32,0,1.0,True,8,22,3.75,0.234375,0.099609375
32,5,512,16.0,512,32,0,1.0,True,9,23,3.588175023601831,0.22426093897511443,0.09375
32,5,512,16.0,522,32,0,1.0,True,8,26,4.743416490252569,0.29646353064078557,0.115234375
32,5,512,16.0,532,32,0,1.0,True,6,23,4.3084219849035215,0.2692763740564701,0.109375
32,5,1024,32.0,42,32,0,1.0,True,18,45,6.329494450586082,0.19779670158081505,0.08203125
32,5,1024,32.0,52,32,0,1.0,True,19,43,6.0,0.1875,0.0751953125
32,5,1024,32.0,62,32,0,1.0,True,20,47,6.950719387228922,0.21720998085090382,0.08984375
32,5,1024,32.0,72,32,0,1.0,True,17,44,5.744562646538029,0.1795175827043134,0.072265625
32,5,1024,32.0,82,32,0,1.0,True,19,47,6.06217782649107,0.18944305707784595,0.07421875
32,5,1024,32.0,92,32,0,1.0,True,19,41,5.595757321399848,0.17486741629374525,0.0712890625
32,5,1024,32.0,102,32,0,1.0,True,15,42,6.48074069840786,0.20252314682524564,0.0771484375
32,5,1024,32.0,112,32,0,1.0,True,20,44,4.795831523312719,0.14986973510352247,0.0615234375
32,5,1024,32.0,122,32,0,1.0,True,15,52,8.1967981553775,0.2561499423555469,0.103515625
32,5,1024,32.0,132,32,0,1.0,True,21,40,4.993746088859544,0.15605456527686076,0.064453125
32,5,1024,32.0,142,32,0,1.0,True,23,40,4.930770730829005,0.1540865853384064,0.064453125
32,5,1024,32.0,152,32,0,1.0,True,23,44,5.482928049865327,0.17134150155829148,0.0693359375
32,5,1024,32.0,162,32,0,1.0,True,20,45,5.303300858899107,0.16572815184059708,0.064453125
32,5,1024,32.0,172,32,0,1.0,True,23,42,4.8218253804964775,0.15068204314051492,0.0625
32,5,1024,32.0,182,32,0,1.0,True,20,42,5.3091901453988255,0.1659121920437133,0.0693359375
32,5,1024,32.0,192,32,0,1.0,True,21,41,4.568916720624267,0.14277864751950833,0.056640625
32,5,1024,32.0,202,32,0,1.0,True,22,47,4.943429983321297,0.15448218697879054,0.0576171875
32,5,1024,32.0,212,32,0,1.0,True,20,46,6.239991987174342,0.1949997495991982,0.0791015625
32,5,1024,32.0,222,32,0,1.0,True,22,44,5.952940449895329,0.18602938905922903,0.080078125
32,5,1024,32.0,232,32,0,1.0,True,16,40,5.0,0.15625,0.0576171875
32,5,1024,32.0,242,32,0,1.0,True,22,48,5.7118298293979315,0.17849468216868536,0.072265625
32,5,1024,32.0,252,32,0,1.0,True,21,43,5.841660722773962,0.1825518975866863,0.0732421875
32,5,1024,32.0,262,32,0,1.0,True,24,44,5.18411033833193,0.1620034480728728,0.06640625
32,5,1024,32.0,272,32,0,1.0,True,22,42,4.834769901453429,0.15108655942041965,0.060546875
32,5,1024,32.0,282,32,0,1.0,True,22,43,5.678908345800274,0.17746588580625855,0.07421875
32,5,1024,32.0,292,32,0,1.0,True,21,42,4.716990566028302,0.14740595518838442,0.0537109375
32,5,1024,32.0,302,32,0,1.0,True,23,45,6.427480066091221,0.20085875206535064,0.087890625
32,5,1024,32.0,312,32,0,1.0,True,17,47,6.408002808988148,0.20025008778087963,0.0771484375
32,5,1024,32.0,322,32,0,1.0,True,21,44,5.232112384114087,0.16350351200356522,0.0576171875
32,5,1024,32.0,332,32,0,1.0,True,18,42,5.44288526426931,0.17009016450841594,0.0654296875
32,5,1024,32.0,342,32,0,1.0,True,24,45,4.602988159880492,0.14384337999626537,0.056640625
32,5,1024,32.0,352,32,0,1.0,True,19,46,5.744562646538029,0.1795175827043134,0.0673828125
32,5,1024,32.0,362,32,0,1.0,True,24,42,3.984344362627307,0.12451076133210334,0.0498046875
32,5,1024,32.0,372,32,0,1.0,True,16,47,6.15934249737746,0.19247945304304562,0.07421875
32,5,1024,32.0,382,32,0,1.0,True,21,50,6.490377492873585,0.20282429665229953,0.0751953125
32,5,1024,32.0,392,32,0,1.0,True,19,46,6.4468984791138135,0.20146557747230667,0.0771484375
32,5,1024,32.0,402,32,0,1.0,True,15,56,6.566962768281849,0.20521758650880778,0.0703125
32,5,1024,32.0,412,32,0,1.0,True,21,41,4.548351349665063,0.14213597967703323,0.05859375
32,5,1024,32.0,422,32,0,1.0,True,21,43,5.379358697837503,0.16810495930742198,0.06640625
32,5,1024,32.0,432,32,0,1.0,True,23,46,4.834769901453429,0.15108655942041965,0.0595703125
32,5,1024,32.0,442,32,0,1.0,True,22,42,5.70087712549569,0.1781524101717403,0.0732421875
32,5,1024,32.0,452,32,0,1.0,True,22,46,5.937171043518958,0.18553659510996745,0.07421875
32,5,1024,32.0,462,32,0,1.0,True,20,49,5.7282196186948,0.1790068630842125,0.0712890625
32,5,1024,32.0,472,32,0,1.0,True,22,43,4.841229182759271,0.15128841196122722,0.05859375
32,5,1024,32.0,482,32,0,1.0,True,18,42,5.7282196186948,0.1790068630842125,0.0732421875
32,5,1024,32.0,492,32,0,1.0,True,24,46,5.894913061275798,0.18421603316486868,0.080078125
32,5,1024,32.0,502,32,0,1.0,True,21,47,6.9731628404906765,0.21791133876533364,0.0908203125
32,5,1024,32.0,512,32,0,1.0,True,20,43,5.043560250458004,0.15761125782681262,0.060546875
32,5,1024,32.0,522,32,0,1.0,True,19,49,6.604922406811453,0.2064038252128579,0.08203125
32,5,1024,32.0,532,32,0,1.0,True,20,42,6.373774391990981,0.19918044974971816,0.0869140625
32,5,2048,64.0,42,32,0,1.0,True,49,77,7.128288714691626,0.11137951116705666,0.046875
32,5,2048,64.0,52,32,0,1.0,True,52,85,7.0178344238090995,0.10965366287201718,0.04345703125
32,5,2048,64.0,62,32,0,1.0,True,52,81,7.4456363059177155,0.1163380672799643,0.05029296875
32,5,2048,64.0,72,32,0,1.0,True,48,85,7.685213074469699,0.12008145428858905,0.0498046875
32,5,2048,64.0,82,32,0,1.0,True,54,83,6.4031242374328485,0.10004881620988826,0.04150390625
32,5,2048,64.0,92,32,0,1.0,True,44,81,8.246211251235321,0.1288470508005519,0.05224609375
32,5,2048,64.0,102,32,0,1.0,True,52,85,6.914658342969665,0.10804153660890102,0.041015625
32,5,2048,64.0,112,32,0,1.0,True,51,81,8.031189202104505,0.1254873312828829,0.05419921875
32,5,2048,64.0,122,32,0,1.0,True,47,75,7.976528066771908,0.12463325104331106,0.0537109375
32,5,2048,64.0,132,32,0,1.0,True,49,82,8.023403267940607,0.12536567606157198,0.05419921875
32,5,2048,64.0,142,32,0,1.0,True,45,82,8.551315688243536,0.13361430762880525,0.052734375
32,5,2048,64.0,152,32,0,1.0,True,49,78,8.576858399204221,0.13401341248756596,0.05712890625
32,5,2048,64.0,162,32,0,1.0,True,50,84,7.322909257938405,0.11442045715528758,0.044921875
32,5,2048,64.0,172,32,0,1.0,True,53,79,7.119515432949071,0.11124242863982924,0.046875
32,5,2048,64.0,182,32,0,1.0,True,50,90,10.074720839804943,0.15741751312195224,0.0634765625
32,5,2048,64.0,192,32,0,1.0,True,53,84,7.305819598101229,0.1141534312203317,0.04541015625
32,5,2048,64.0,202,32,0,1.0,True,54,79,6.149186938124422,0.0960810459081941,0.03857421875
32,5,2048,64.0,212,32,0,1.0,True,50,74,5.952940449895329,0.09301469452961451,0.03857421875
32,5,2048,64.0,222,32,0,1.0,True,53,79,7.106335201775948,0.11103648752774918,0.0478515625
32,5,2048,64.0,232,32,0,1.0,True,52,79,6.118619125260208,0.09560342383219075,0.03759765625
32,5,2048,64.0,242,32,0,1.0,True,47,86,8.48528137423857,0.13258252147247765,0.0517578125
32,5,2048,64.0,252,32,0,1.0,True,44,79,8.634958019585271,0.13492121905601986,0.0556640625
32,5,2048,64.0,262,32,0,1.0,True,50,81,8.51836251870041,0.1330994143546939,0.0556640625
32,5,2048,64.0,272,32,0,1.0,True,51,81,6.726812023536855,0.10510643786776336,0.04150390625
32,5,2048,64.0,282,32,0,1.0,True,50,77,7.428828979051813,0.11607545279768458,0.048828125
32,5,2048,64.0,292,32,0,1.0,True,49,80,6.832825184358224,0.10676289350559726,0.041015625
32,5,2048,64.0,302,32,0,1.0,True,49,81,7.949056547792323,0.12420400855925505,0.0498046875
32,5,2048,64.0,312,32,0,1.0,True,47,80,8.219641111386798,0.12843189236541872,0.05615234375
32,5,2048,64.0,322,32,0,1.0,True,49,84,7.615773105863909,0.11899645477912357,0.04638671875
32,5,2048,64.0,332,32,0,1.0,True,49,78,6.53356717268599,0.10208698707321859,0.041015625
32,5,2048,64.0,342,32,0,1.0,True,53,83,6.726812023536855,0.10510643786776336,0.03955078125
32,5,2048,64.0,352,32,0,1.0,True,45,82,8.667467911679857,0.13542918611999777,0.0517578125
32,5,2048,64.0,362,32,0,1.0,True,51,81,6.98659430624106,0.10916553603501657,0.0439453125
32,5,2048,64.0,372,32,0,1.0,True,43,81,8.415016339853418,0.13148463031020965,0.05126953125
32,5,2048,64.0,382,32,0,1.0,True,53,85,7.652613932506983,0.11957209269542161,0.04931640625
32,5,2048,64.0,392,32,0,1.0,True,53,90,8.620469824783333,0.13469484101223958,0.05078125
32,5,2048,64.0,402,32,0,1.0,True,50,77,7.369701486491838,0.11515158572643497,0.04833984375
32,5,2048,64.0,412,32,0,1.0,True,54,77,5.984354601792912,0.09350554065301425,0.03662109375
32,5,2048,64.0,422,32,0,1.0,True,48,76,7.145802963978226,0.11165317131215978,0.0439453125
32,5,2048,64.0,432,32,0,1.0,True,46,84,8.54766049863938,0.1335571952912403,0.05322265625
32,5,2048,64.0,442,32,0,1.0,True,50,77,8.181534085976786,0.12783647009338728,0.05615234375
32,5,2048,64.0,452,32,0,1.0,True,44,83,9.253377761660873,0.14458402752595115,0.0576171875
32,5,2048,64.0,462,32,0,1.0,True,48,78,7.013380069552769,0.10958406358676201,0.04150390625
32,5,2048,64.0,472,32,0,1.0,True,47,79,7.762087348130012,0.12128261481453144,0.048828125
32,5,2048,64.0,482,32,0,1.0,True,48,81,7.677076266392044,0.11995431666237569,0.04736328125
32,5,2048,64.0,492,32,0,1.0,True,48,83,8.314144574157945,0.1299085089712179,0.0556640625
32,5,2048,64.0,502,32,0,1.0,True,45,78,9.246621004453464,0.14447845319458538,0.0625
32,5,2048,64.0,512,32,0,1.0,True,48,80,7.790218225441442,0.12172215977252253,0.04736328125
32,5,2048,64.0,522,32,0,1.0,True,50,81,8.215838362577491,0.1283724744152733,0.0546875
32,5,2048,64.0,532,32,0,1.0,True,51,77,7.607562027351469,0.11886815667736671,0.05224609375
32,5,4096,128.0,42,32,0,1.0,True,111,146,9.364160400164021,0.07315750312628141,0.03125
32,5,4096,128.0,52,32,0,1.0,True,103,146,10.960155108391486,0.08562621178430849,0.033935546875
32,5,4096,128.0,62,32,0,1.0,True,102,157,11.213830746002902,0.08760805270314767,0.03564453125
32,5,4096,128.0,72,32,0,1.0,True,101,161,10.868532559642079,0.08491041062220374,0.032958984375
32,5,4096,128.0,82,32,0,1.0,True,105,161,11.440061188647551,0.08937547803630899,0.03515625
32,5,4096,128.0,92,32,0,1.0,True,112,151,10.02808556006579,0.07834441843801399,0.03173828125
32,5,4096,128.0,102,32,0,1.0,True,107,147,7.897784499465657,0.061701441402075445,0.0234375
32,5,4096,128.0,112,32,0,1.0,True,113,151,10.706306552681928,0.08364301994282757,0.0361328125
32,5,4096,128.0,122,32,0,1.0,True,106,144,10.065411069598698,0.07863602398123982,0.03369140625
32,5,4096,128.0,132,32,0,1.0,True,106,157,11.472793905583766,0.08963120238737317,0.0361328125
32,5,4096,128.0,142,32,0,1.0,True,103,153,11.6081867662439,0.09068895911128047,0.03564453125
32,5,4096,128.0,152,32,0,1.0,True,103,149,11.048189896992177,0.08631398357025138,0.034912109375
32,5,4096,128.0,162,32,0,1.0,True,113,158,9.611191393370543,0.07508743276070737,0.0302734375
32,5,4096,128.0,172,32,0,1.0,True,108,151,10.455261833163242,0.08168173307158783,0.033447265625
32,5,4096,128.0,182,32,0,1.0,True,108,151,11.510864433221338,0.0899286283845417,0.038330078125
32,5,4096,128.0,192,32,0,1.0,True,110,157,10.392304845413264,0.08118988160479113,0.031005859375
32,5,4096,128.0,202,32,0,1.0,True,103,152,10.697546447667333,0.08357458162240104,0.03369140625
32,5,4096,128.0,212,32,0,1.0,True,107,147,9.334077351297235,0.07292247930700965,0.02783203125
32,5,4096,128.0,222,32,0,1.0,True,93,157,12.25,0.095703125,0.038330078125
32,5,4096,128.0,232,32,0,1.0,True,109,153,9.440603794249602,0.07375471714257502,0.0302734375
32,5,4096,128.0,242,32,0,1.0,True,107,157,11.779218989389747,0.0920251483546074,0.037353515625
32,5,4096,128.0,252,32,0,1.0,True,105,156,11.141139977578597,0.08704015607483279,0.032958984375
32,5,4096,128.0,262,32,0,1.0,True,105,156,12.987975207860538,0.10146855631141045,0.040771484375
32,5,4096,128.0,272,32,0,1.0,True,111,159,11.090536506409418,0.08664481645632358,0.03369140625
32,5,4096,128.0,282,32,0,1.0,True,111,150,10.173494974687902,0.07948042948974923,0.033447265625
32,5,4096,128.0,292,32,0,1.0,True,105,162,11.913752557443855,0.09307619185503012,0.03515625
32,5,4096,128.0,302,32,0,1.0,True,106,147,10.077822185373186,0.07873298582322802,0.03173828125
32,5,4096,128.0,312,32,0,1.0,True,107,147,11.95303308788192,0.0933830709990775,0.039306640625
32,5,4096,128.0,322,32,0,1.0,True,108,144,8.25,0.064453125,0.0263671875
32,5,4096,128.0,332,32,0,1.0,True,107,148,10.201102881551583,0.07969611626212174,0.03173828125
32,5,4096,128.0,342,32,0,1.0,True,111,150,10.27131929208707,0.08024468196943023,0.032958984375
32,5,4096,128.0,352,32,0,1.0,True,99,149,9.91526600752597,0.07746301568379664,0.02880859375
32,5,4096,128.0,362,32,0,1.0,True,110,152,10.350120772242226,0.08086031853314239,0.0322265625
32,5,4096,128.0,372,32,0,1.0,True,99,153,12.32629303562105,0.09629916434078946,0.0390625
32,5,4096,128.0,382,32,0,1.0,True,100,152,12.487493743742176,0.09755854487298575,0.03955078125
32,5,4096,128.0,392,32,0,1.0,True,98,150,12.867109232457771,0.10052429087857634,0.040771484375
32,5,4096,128.0,402,32,0,1.0,True,107,157,10.612492638395562,0.08291009873746533,0.03271484375
32,5,4096,128.0,412,32,0,1.0,True,112,159,9.542667341996157,0.07455208860934498,0.027587890625
32,5,4096,128.0,422,32,0,1.0,True,107,148,9.987492177719089,0.07802728263843038,0.03125
32,5,4096,128.0,432,32,0,1.0,True,95,154,11.75265927354316,0.09181765057455593,0.037109375
32,5,4096,128.0,442,32,0,1.0,True,112,148,9.48024261292927,0.07406439541350993,0.03076171875
32,5,4096,128.0,452,32,0,1.0,True,101,156,12.754901018824098,0.09964766420956327,0.04052734375
32,5,4096,128.0,462,32,0,1.0,True,95,154,11.418187246669236,0.0892045878646034,0.033203125
32,5,4096,128.0,472,32,0,1.0,True,110,160,12.47497494987465,0.0974607417958957,0.03955078125
32,5,4096,128.0,482,32,0,1.0,True,108,150,10.455261833163242,0.08168173307158783,0.033447265625
32,5,4096,128.0,492,32,0,1.0,True,97,154,13.631305880215585,0.10649457718918426,0.044677734375
32,5,4096,128.0,502,32,0,1.0,True,110,143,10.819542504191201,0.08452767581399376,0.036865234375
32,5,4096,128.0,512,32,0,1.0,True,109,149,11.180339887498949,0.08734640537108554,0.035400390625
32,5,4096,128.0,522,32,0,1.0,True,109,147,11.045361017187261,0.08629188294677548,0.03759765625
32,5,4096,128.0,532,32,0,1.0,True,106,155,13.3393215719541,0.1042134497808914,0.04443359375
